HECHO,RUPTURA,CONEXO,ESTADO_NOTICIA,ETAPA,ANIO_DENUNCIA,ANIO_ENTRADA,ANIO_HECHO,LEY,PAIS,DEPARTAMENTO,MUNICIPIO,SECCIONAL,GRUPO_DELITO,DELITO,IMPUTACION,CONDENA,ATIPICIDAD_INEXISTENCIA,ACUSACION,CAPTURA,SEXO_INDICIADO,GRUPO_EDAD_INDICIADO,PAIS_NACIMIENTO,HOMICIDIO_DOLOSO_CONSUMADO,TOTAL_INDICIADOS
'SI','NO','NO','INACTIVO','JUICIO',2017,2017,2017,'Ley 906','Colombia','Risaralda','PEREIRA','DIRECCIÓN SECCIONAL DE RISARALDA','HURTO','HURTO CALIFICADO ART. 240 C.P.  AGRAVADO POR ESTABLECIMIENTO PUBLICO ART. 241 C.P. N.11','SI','NO','NO','SI','SI','MASCULINO','ADULTEZ 29 - 59','Colombia','NO',4
'SI','NO','NO','ACTIVO','INDAGACIÓN',2018,2018,2018,'Ley 906','Colombia','Risaralda','PEREIRA','DIRECCIÓN SECCIONAL DE RISARALDA','ESTAFA','ESTAFA. ART. 246 C.P. MAYOR CUANTIA','NO','NO','NO','NO','NO','MASCULINO','SIN DATO','Colombia','NO',6
'NO','SI','NO','ACTIVO','INVESTIGACIÓN',2013,2017,2013,'Ley 906','Colombia','Risaralda','PEREIRA','DIRECCION ESPECIALIZADA CONTRA ORGANIZACIONES CRIMINALES','SEGURIDAD PUBLICA','TERRORISMO ART. 343 C.P.','NO','NO','NO','NO','NO','','SIN DATO','Colombia','NO',1
'SI','NO','NO','INACTIVO','QUERELLABLE',2012,2012,2012,'Ley 906','Colombia','Risaralda','PEREIRA','DIRECCIÓN SECCIONAL DE RISARALDA','VIOLENCIA INTRAFAMILIAR','VIOLENCIA INTRAFAMILIAR ART. 229 C.P.','NO','NO','NO','NO','NO','MASCULINO','SIN DATO','Colombia','NO',104
'SI','NO','NO','INACTIVO','INDAGACIÓN',2012,2012,2012,'Ley 906','Colombia','Risaralda','PEREIRA','DIRECCIÓN SECCIONAL DE RISARALDA','INJURIA Y CALUMNIA','INJURIA. ART. 220 C.P.','NO','NO','NO','NO','NO','','SIN DATO','Colombia','NO',14
'SI','NO','NO','INACTIVO','INDAGACIÓN',2014,2014,2014,'Ley 906','Colombia','Risaralda','PEREIRA','DIRECCIÓN SECCIONAL DE RISARALDA','HURTO','HURTO AGRAVADO ART. 239 C.P. MENOR CUANTIA','NO','NO','NO','NO','NO','MASCULINO','JUVENTUD 18 - 28','Colombia','NO',25
'SI','NO','NO','INACTIVO','EJECUCIÓN DE PENAS',2013,2013,2013,'Ley 906','Colombia','Risaralda','PEREIRA','DIRECCIÓN SECCIONAL DE RISARALDA','ESTUPEFACIENTES','TRAFICO FABRICACION O PORTE DE ESTUPEFACIENTES ART. 376 C..','SI','NO','NO','NO','NO','MASCULINO','ADOLESCENTE 14 - 17','Colombia','NO',28
'SI','NO','NO','INACTIVO','INDAGACIÓN',2011,2011,2011,'Ley 906','Colombia','Risaralda','PEREIRA','DIRECCIÓN SECCIONAL DE RISARALDA','HURTO','HURTO. ART. 239 C.P. AGRAVADO POR LA CONFIANZA ART. 241 C.P. N.2','NO','NO','NO','NO','NO','MASCULINO','SIN DATO','Colombia','NO',19
'SI','NO','NO','ACTIVO','INDAGACIÓN',2010,2010,2010,'Ley 906','Colombia','Risaralda','PEREIRA','DIRECCIÓN SECCIONAL DE BOGOTÁ','ESTAFA','ESTAFA. ART. 246 C.P. MENOR CUANTIA','NO','NO','NO','NO','NO','','SIN DATO','Colombia','NO',19
'NO','NO','NO','INACTIVO','INDAGACIÓN',2019,2019,2011,'Ley 906','Colombia','Risaralda','PEREIRA','DIRECCIÓN SECCIONAL DE RISARALDA','HURTO','HURTO MAYOR CUANTIA. ART. 239 C.P. AGRAVADO POR LA CONFIANZA ART. 241 C.P. N.2','NO','NO','SI','NO','NO','MASCULINO','SIN DATO','Colombia','NO',1
'SI','NO','NO','INACTIVO','QUERELLABLE',2012,2012,2010,'Ley 906','Colombia','Risaralda','PEREIRA','DIRECCIÓN SECCIONAL DE RISARALDA','CONTRA LA FAMILIA','DE LOS DELITOS CONTRA LA ASISTENCIA ALIMENTARIA','NO','NO','NO','NO','NO','MASCULINO','ADULTEZ 29 - 59','Colombia','NO',1
'SI','NO','NO','INACTIVO','EJECUCIÓN DE PENAS',2016,2016,2016,'Ley 1098','Colombia','Risaralda','PEREIRA','DIRECCIÓN SECCIONAL DE RISARALDA','VIOLENCIA INTRAFAMILIAR','VIOLENCIA INTRAFAMILIAR ART. 229 C.P.','SI','NO','NO','SI','SI','MASCULINO','ADOLESCENTE 14 - 17','Colombia','NO',2
'SI','NO','NO','INACTIVO','EJECUCIÓN DE PENAS',2017,2017,2017,'Ley 906','Colombia','Risaralda','PEREIRA','DIRECCIÓN SECCIONAL DE RISARALDA','HOMICIDIO DOLOSO','HOMICIDIO ART. 103 C.P.','SI','SI','NO','SI','SI','MASCULINO','JUVENTUD 18 - 28','Colombia','NO',4
'NO','NO','NO','INACTIVO','INDAGACIÓN',2016,2016,2016,'Ley 906','Colombia','Risaralda','PEREIRA','DIRECCIÓN SECCIONAL DE RISARALDA','CONTRA LA FAMILIA','INASISTENCIA ALIMENTARIA ART. 233 C.P.','NO','NO','SI','NO','NO','MASCULINO','JUVENTUD 18 - 28','Colombia','NO',14
'SI','NO','NO','ACTIVO','INDAGACIÓN',2020,2020,2020,'Ley 1098','Colombia','Risaralda','PEREIRA','DIRECCIÓN SECCIONAL DE RISARALDA','DELITOS SEXUALES','ACCESO CARNAL VIOLENTO. ART. 205 C.P.','NO','NO','NO','NO','NO','MASCULINO','SIN DATO','Colombia','NO',1
'NO','SI','NO','INACTIVO','EJECUCIÓN DE PENAS',2016,2016,2016,'Ley 906','Colombia','Risaralda','PEREIRA','DIRECCIÓN SECCIONAL DE RISARALDA','DESPLAZAMIENTO','DESPLAZAMIENTO FORZADO ART. 180  C.P.','SI','NO','NO','SI','SI','MASCULINO','ADOLESCENTE 14 - 17','Colombia','NO',1
'SI','NO','NO','INACTIVO','INDAGACIÓN',2018,2018,2018,'Ley 906','Colombia','Risaralda','PEREIRA','DIRECCIÓN SECCIONAL DE RISARALDA','AMENAZAS','AMENAZAS ART. 347 C.P.','NO','NO','NO','NO','NO','FEMENINO','SIN DATO','','NO',3
'SI','NO','NO','ACTIVO','QUERELLABLE',2019,2019,2019,'Ley 906','Colombia','Risaralda','PEREIRA','DIRECCIÓN SECCIONAL DE RISARALDA','PATRIMONIO ECONOMICO','DAÑO EN BIEN AJENO. ART. 265 C.P. MENOR CUANTIA','NO','NO','NO','NO','NO','MASCULINO','ADULTEZ 29 - 59','Colombia','NO',7
'NO','NO','NO','INACTIVO','INDAGACIÓN',2011,2011,2011,'Ley 906','Colombia','Risaralda','PEREIRA','DIRECCIÓN SECCIONAL DE RISARALDA','DELITOS SEXUALES','ACCESO CARNAL ABUSIVO CON MENOR DE CATORCE AÑOS. ART. 208 C.P.','NO','NO','SI','NO','NO','MASCULINO','SIN DATO','Colombia','NO',10
'NO','NO','NO','INACTIVO','INDAGACIÓN',2010,2010,2010,'Ley 906','Colombia','Risaralda','PEREIRA','DIRECCIÓN SECCIONAL DE RISARALDA','CORRUPCION TRIBUTARIA','EJERCICIO ILICITO DE ACTIVIDAD MONOPOLISTICA DE ARBITRIO RENTISTICO ART. 312 C.P.','NO','NO','SI','NO','NO','MASCULINO','SIN DATO','Colombia','NO',12
'SI','NO','NO','INACTIVO','INDAGACIÓN',2017,2017,2017,'Ley 906','Colombia','Risaralda','PEREIRA','DIRECCIÓN SECCIONAL DE RISARALDA','HURTO','HURTO. ART. 239 C.P. AGRAVADO POR LA CONFIANZA ART. 241 C.P. N.2','NO','NO','NO','NO','NO','MASCULINO','ADULTEZ 29 - 59','Colombia','NO',4
'SI','NO','NO','INACTIVO','QUERELLABLE',2011,2011,2011,'Ley 906','Colombia','Risaralda','PEREIRA','DIRECCIÓN SECCIONAL DE RISARALDA','ESTAFA','ESTAFA. ART. 246 C.P. MENOR CUANTIA','NO','NO','NO','NO','NO','FEMENINO','SIN DATO','','NO',15
'NO','NO','NO','INACTIVO','INDAGACIÓN',2015,2015,2015,'Ley 906','Colombia','Risaralda','PEREIRA','DIRECCIÓN SECCIONAL DE RISARALDA','DELITOS SEXUALES','ACTOS SEXUALES CON MENOR DE CATORCE AÑOS. ART. 209 C.P.','NO','NO','SI','NO','NO','MASCULINO','ADULTO MAYOR DE 60','Colombia','NO',3
'SI','NO','NO','ACTIVO','INVESTIGACIÓN',2013,2013,2013,'Ley 906','Colombia','Risaralda','PEREIRA','DIRECCION ESPECIALIZADA CONTRA ORGANIZACIONES CRIMINALES','REGIMEN CONSTITUCIONAL Y LEGAL','REBELION ART. 467 C.P.','NO','NO','NO','NO','NO','MASCULINO','ADULTEZ 29 - 59','Colombia','NO',1
'NO','SI','NO','INACTIVO','EJECUCIÓN DE PENAS',2016,2018,2016,'Ley 906','Colombia','Risaralda','PEREIRA','DIRECCIÓN SECCIONAL DE RISARALDA','CORRUPCION ADMINISTRATIVA','CONTRATO SIN CUMPLIMIENTO DE REQUISITOS LEGALES ART. 410 C.P.','SI','SI','NO','SI','NO','MASCULINO','ADULTEZ 29 - 59','Colombia','NO',3
'SI','NO','NO','ACTIVO','JUICIO',2018,2018,2018,'Ley 906','Colombia','Risaralda','PEREIRA','DIRECCIÓN SECCIONAL DE RISARALDA','FALSEDAD EN DOCUMENTO','FALSEDAD MATERIAL EN DOCUMENTO PUBLICO. ART. 287 C.P. AGRAVADA POR EL USO','SI','NO','NO','SI','SI','MASCULINO','ADULTEZ 29 - 59','Colombia','NO',2
'SI','NO','NO','ACTIVO','INVESTIGACIÓN',2014,2014,2014,'Ley 906','Colombia','Risaralda','PEREIRA','DIRECCIÓN SECCIONAL DE RISARALDA','FABRICACION,TRAFICO Y PORTE DE ARMAS','FABRICACION,TRAFICO Y PORTE DE ARMAS DE FUEGO O MUNICIONES ART. 365 C.P.','SI','NO','NO','NO','SI','FEMENINO','ADULTEZ 29 - 59','Colombia','NO',2
'SI','NO','NO','INACTIVO','QUERELLABLE',2015,2015,2015,'Ley 906','Colombia','Risaralda','PEREIRA','DIRECCIÓN SECCIONAL DE RISARALDA','INJURIA Y CALUMNIA','CALUMNIA. ART. 221 C.P.','NO','NO','NO','NO','NO','MASCULINO','JUVENTUD 18 - 28','Colombia','NO',5
'SI','NO','NO','INACTIVO','INDAGACIÓN',2013,2013,2013,'Ley 906','Colombia','Risaralda','PEREIRA','DIRECCIÓN SECCIONAL DE RISARALDA','INJURIA Y CALUMNIA','INJURIA. ART. 220 C.P.','NO','NO','NO','NO','NO','MASCULINO','SIN DATO','Colombia','NO',3
'SI','NO','NO','ACTIVO','INDAGACIÓN',2019,2019,2019,'Ley 906','Colombia','Risaralda','PEREIRA','DIRECCIÓN SECCIONAL DE RISARALDA','IMPARTICION DE JUSTICIA','RECEPTACION ART. 447 C.P.','NO','NO','NO','NO','SI','MASCULINO','ADULTEZ 29 - 59','Colombia','NO',4
'NO','NO','NO','INACTIVO','INDAGACIÓN',2014,2014,2013,'Ley 906','Colombia','Risaralda','PEREIRA','DIRECCIÓN SECCIONAL DE RISARALDA','CONTRA LA FAMILIA','INASISTENCIA ALIMENTARIA ART. 233 C.P.','NO','NO','SI','NO','NO','','JUVENTUD 18 - 28','Colombia','NO',4
'SI','NO','NO','INACTIVO','INDAGACIÓN',2017,2017,2017,'Ley 906','Colombia','Risaralda','PEREIRA','DIRECCIÓN SECCIONAL DE RISARALDA','FALSEDAD EN DOCUMENTO','OBTENCION DE DOCUMENTO PUBLICO FALSO ART. 288 C.P.','NO','NO','NO','NO','NO','MASCULINO','ADULTEZ 29 - 59','Colombia','NO',1
'SI','NO','NO','INACTIVO','INVESTIGACIÓN',2011,2011,2011,'Ley 906','Colombia','Risaralda','PEREIRA','DIRECCIÓN SECCIONAL DE RISARALDA','ADMINISTRACION PUBLICA','VIOLENCIA CONTRA SERVIDOR PUBLICO ART. 429 C.P.','SI','NO','NO','NO','SI','','SIN DATO','Colombia','NO',2
'SI','NO','NO','ACTIVO','INDAGACIÓN',2016,2016,2016,'Ley 906','Colombia','Risaralda','PEREIRA','DIRECCIÓN SECCIONAL DE RISARALDA','ESTUPEFACIENTES','TRAFICO FABRICACION O PORTE DE ESTUPEFACIENTES ART. 376 C..','NO','NO','NO','NO','NO','MASCULINO','JUVENTUD 18 - 28','Colombia','NO',3
'SI','NO','NO','ACTIVO','QUERELLABLE',2018,2018,2018,'Ley 906','Colombia','Risaralda','PEREIRA','DIRECCIÓN SECCIONAL DE RISARALDA','LESIONES PERSONALES CULPOSAS','LESIONES CULPOSAS ART. 120 C.P. INCISO 1','NO','NO','NO','NO','NO','MASCULINO','ADULTO MAYOR DE 60','Colombia','NO',1
'SI','NO','NO','ACTIVO','INDAGACIÓN',2016,2016,2016,'Ley 906','Colombia','Risaralda','PEREIRA','DIRECCIÓN SECCIONAL DE RISARALDA','ESTAFA','ESTAFA. ART. 246 C.P.','NO','NO','NO','NO','NO','FEMENINO','ADULTEZ 29 - 59','Colombia','NO',8
'SI','NO','NO','INACTIVO','EJECUCIÓN DE PENAS',2019,2019,2019,'Ley 906','Colombia','Risaralda','PEREIRA','DIRECCIÓN SECCIONAL DE RISARALDA','HOMICIDIO DOLOSO','HOMICIDIO ART. 103 C.P.','SI','NO','NO','NO','SI','MASCULINO','ADULTEZ 29 - 59','Colombia','SI',1
'SI','NO','NO','ACTIVO','JUICIO',2020,2020,2020,'Ley 906','Colombia','Risaralda','PEREIRA','DIRECCIÓN SECCIONAL DE RISARALDA','DELITOS AMBIENTALES','INVASION DE AREAS DE ESPECIAL IMPORTANCIA ECOLOGICA ART. 337 C.P.','NO','NO','NO','SI','SI','MASCULINO','SIN DATO','Colombia','NO',2
'SI','NO','NO','INACTIVO','INDAGACIÓN',2011,2011,2011,'Ley 906','Colombia','Risaralda','PEREIRA','DIRECCIÓN SECCIONAL DE RISARALDA','LESIONES PERSONALES','LESIONES PERSONALES CON INCAPACIDAD MENOR 60 DIAS','NO','NO','NO','NO','NO','MASCULINO','ADULTEZ 29 - 59','Colombia','NO',4
'SI','NO','NO','ACTIVO','QUERELLABLE',2020,2020,2020,'Ley 906','Colombia','Risaralda','PEREIRA','DIRECCIÓN SECCIONAL DE RISARALDA','PATRIMONIO ECONOMICO','PERTURBACION DE LA POSESION SOBRE INMUEBLE. ART. 264 C.P.','NO','NO','NO','NO','NO','MASCULINO','SIN DATO','','NO',2
'NO','NO','NO','INACTIVO','INDAGACIÓN',2013,2013,2013,'Ley 1098','Colombia','Risaralda','PEREIRA','DIRECCIÓN SECCIONAL DE RISARALDA','DELITOS SEXUALES','ACTO SEXUAL CON MENOR DE CATORCE AÑOS ART. 209 C.P. AGRAVADO ART. 211 N.4. SE REALIZARE SOBRE PERSONA MENOR DE 14 AÑOS','NO','NO','SI','NO','NO','','SIN DATO','Colombia','NO',1
'SI','NO','SI','INACTIVO','QUERELLABLE',2020,2020,2020,'Ley 906','Colombia','Risaralda','PEREIRA','DIRECCIÓN SECCIONAL DE RISARALDA','ESTAFA','ESTAFA. ART. 246 C.P. MENOR CUANTIA','NO','NO','NO','NO','NO','','SIN DATO','','NO',8
'SI','NO','SI','INACTIVO','QUERELLABLE',2010,2010,2010,'Ley 906','Colombia','Risaralda','PEREIRA','DIRECCIÓN SECCIONAL DE RISARALDA','LESIONES PERSONALES CULPOSAS','LESIONES CULPOSAS ART. 120 C.P. INCISO 1','NO','NO','NO','NO','NO','','SIN DATO','Colombia','NO',1
'NO','NO','NO','INACTIVO','QUERELLABLE',2015,2015,2014,'Ley 906','Colombia','Risaralda','PEREIRA','DIRECCIÓN SECCIONAL DE RISARALDA','ESTAFA','ESTAFA. ART. 246 C.P. MENOR CUANTIA','NO','NO','SI','NO','NO','MASCULINO','SIN DATO','Colombia','NO',4
'SI','NO','NO','ACTIVO','JUICIO',2016,2016,2016,'Ley 906','Colombia','Risaralda','PEREIRA','DIRECCIÓN SECCIONAL DE RISARALDA','DESPLAZAMIENTO','DESPLAZAMIENTO FORZADO ART. 180  C.P.','SI','NO','NO','SI','SI','MASCULINO','ADULTEZ 29 - 59','Colombia','NO',4
'SI','NO','NO','INACTIVO','INDAGACIÓN',2015,2015,2015,'Ley 906','Colombia','Risaralda','PEREIRA','DIRECCIÓN SECCIONAL DE RISARALDA','HURTO','HURTO ART. 239 C.P. AUTOMOTOR MAYOR CUANTIA','NO','NO','NO','NO','SI','FEMENINO','ADULTEZ 29 - 59','Colombia','NO',1
'NO','NO','NO','INACTIVO','QUERELLABLE',2012,2012,2011,'Ley 906','Colombia','Risaralda','PEREIRA','DIRECCIÓN SECCIONAL DE RISARALDA','CONTRA LA FAMILIA','INASISTENCIA ALIMENTARIA ART. 233 C.P.','NO','NO','SI','NO','NO','MASCULINO','JUVENTUD 18 - 28','Colombia','NO',1
'SI','NO','NO','INACTIVO','INDAGACIÓN',2010,2010,2010,'Ley 906','Colombia','Risaralda','PEREIRA','DIRECCIÓN SECCIONAL DE RISARALDA','HURTO','HURTO CALIFICADO. ART. 240 C.P.','NO','NO','NO','NO','NO','','ADULTO MAYOR DE 60','Colombia','NO',3
'NO','SI','NO','ACTIVO','JUICIO',2016,2017,2016,'Ley 906','Colombia','Risaralda','PEREIRA','DIRECCIÓN SECCIONAL DE RISARALDA','FABRICACION,TRAFICO Y PORTE DE ARMAS','FABRICACION,TRAFICO Y PORTE DE ARMAS DE FUEGO O MUNICIONES ART. 365 C.P.','SI','NO','NO','SI','SI','MASCULINO','ADULTEZ 29 - 59','Colombia','NO',2
'SI','NO','NO','INACTIVO','EJECUCIÓN DE PENAS',2013,2013,2013,'Ley 906','Colombia','Risaralda','PEREIRA','DIRECCIÓN SECCIONAL DE RISARALDA','VIOLENCIA INTRAFAMILIAR','VIOLENCIA INTRAFAMILIAR ART. 229 C.P.','SI','NO','NO','SI','NO','MASCULINO','SIN DATO','Colombia','NO',1
'NO','NO','NO','INACTIVO','INDAGACIÓN',2014,2014,2014,'Ley 906','Colombia','Risaralda','PEREIRA','DIRECCIÓN SECCIONAL DE RISARALDA','VIOLENCIA INTRAFAMILIAR','VIOLENCIA INTRAFAMILIAR ART. 229 C.P.','NO','NO','SI','NO','NO','MASCULINO','ADULTEZ 29 - 59','Ciudad del Vaticano','NO',1
'NO','NO','NO','INACTIVO','INDAGACIÓN',2016,2016,2016,'Ley 906','Colombia','Risaralda','PEREIRA','DIRECCIÓN SECCIONAL DE RISARALDA','FALSEDAD EN DOCUMENTO','USO DE DOCUMENTO FALSO. ART. 291 C.P.','NO','NO','SI','NO','NO','MASCULINO','ADULTEZ 29 - 59','Colombia','NO',18
'SI','NO','NO','INACTIVO','EJECUCIÓN DE PENAS',2018,2018,2018,'Ley 906','Colombia','Risaralda','PEREIRA','DIRECCIÓN SECCIONAL DE RISARALDA','CONCIERTO PARA DELINQUIR','CONCIERTO PARA DELINQUIR AGRAVADO POR DARSE PARA NARCOTRAFICO ART. 340 C.P. INC.2','SI','SI','NO','SI','SI','MASCULINO','ADULTEZ 29 - 59','Colombia','NO',5
'SI','NO','NO','INACTIVO','EJECUCIÓN DE PENAS',2017,2017,2017,'Ley 1098','Colombia','Risaralda','PEREIRA','DIRECCIÓN SECCIONAL DE RISARALDA','ADMINISTRACION PUBLICA','VIOLENCIA CONTRA SERVIDOR PUBLICO ART. 429 C.P.','SI','NO','NO','SI','NO','MASCULINO','SIN DATO','Colombia','NO',3
'NO','SI','NO','INACTIVO','EJECUCIÓN DE PENAS',2013,2015,2013,'Ley 906','Colombia','Risaralda','PEREIRA','DIRECCION ESPECIALIZADA CONTRA ORGANIZACIONES CRIMINALES','FE PUBLICA','FALSIFICACION DE MONEDA NACIONAL O EXTRANJERA. ART. 273 C.P.','SI','SI','NO','SI','SI','MASCULINO','SIN DATO','Colombia','NO',2
'SI','NO','NO','INACTIVO','INDAGACIÓN',2010,2010,2010,'Ley 1098','Colombia','Risaralda','PEREIRA','DIRECCIÓN SECCIONAL DE RISARALDA','HURTO','HURTO. ART. 239 C.P. AGRAVADO POR LA CONFIANZA ART. 241 C.P. N.2','NO','NO','NO','NO','NO','FEMENINO','ADOLESCENTE 14 - 17','Colombia','NO',4
'NO','NO','NO','INACTIVO','INDAGACIÓN',2019,2019,2019,'Ley 906','Colombia','Risaralda','PEREIRA','DIRECCIÓN SECCIONAL DE RISARALDA','FALSEDAD EN DOCUMENTO','FALSEDAD MATERIAL EN DOCUMENTO PUBLICO. ART. 287 C.P. AGRAVADA POR EL USO','NO','NO','SI','NO','NO','MASCULINO','ADULTO MAYOR DE 60','Colombia','NO',1
'NO','SI','NO','ACTIVO','JUICIO',2016,2017,2016,'Ley 906','Colombia','Risaralda','PEREIRA','DIRECCIÓN SECCIONAL DE RISARALDA','ESTUPEFACIENTES','TRAFICO FABRICACION O PORTE DE ESTUPEFACIENTES ART. 376 C..','SI','NO','NO','SI','SI','MASCULINO','JUVENTUD 18 - 28','Colombia','NO',6
'SI','NO','NO','ACTIVO','INDAGACIÓN',2018,2018,2018,'Ley 906','Colombia','Risaralda','PEREIRA','DIRECCIÓN SECCIONAL DE RISARALDA','LESIONES PERSONALES CULPOSAS','LESIONES CULPOSAS ART. 120 C.P. INCISO 1','NO','NO','NO','NO','NO','FEMENINO','SIN DATO','','NO',2
'SI','NO','NO','INACTIVO','EJECUCIÓN DE PENAS',2010,2010,2010,'Ley 906','Colombia','Risaralda','PEREIRA','DIRECCIÓN SECCIONAL DE RISARALDA','SEGURIDAD PUBLICA','UTILIZACION ILEGAL DE UNIFORMES E INSIGNIAS ART. 346 C.P.','SI','SI','NO','SI','SI','MASCULINO','JUVENTUD 18 - 28','Colombia','NO',1
'SI','NO','NO','INACTIVO','JUICIO',2014,2014,2014,'Ley 906','Colombia','Risaralda','PEREIRA','DIRECCIÓN SECCIONAL DE RISARALDA','ADMINISTRACION PUBLICA','VIOLENCIA CONTRA SERVIDOR PUBLICO ART. 429 C.P.','SI','NO','NO','SI','SI','MASCULINO','SIN DATO','Colombia','NO',1
'SI','NO','NO','INACTIVO','INVESTIGACIÓN',2015,2015,2015,'Ley 906','Colombia','Risaralda','PEREIRA','DIRECCIÓN SECCIONAL DE RISARALDA','ESTUPEFACIENTES','TRAFICO FABRICACION O PORTE DE ESTUPEFACIENTES ART. 376 C..','SI','NO','NO','NO','NO','MASCULINO','JUVENTUD 18 - 28','Colombia','NO',2
'SI','NO','NO','ACTIVO','QUERELLABLE',2017,2017,2017,'Ley 906','Colombia','Risaralda','PEREIRA','DIRECCIÓN SECCIONAL DE RISARALDA','LESIONES PERSONALES','LESIONES ART. 111 C.P.','NO','NO','NO','NO','NO','MASCULINO','JUVENTUD 18 - 28','','NO',1
'SI','NO','NO','INACTIVO','QUERELLABLE',2012,2012,2012,'Ley 1098','Colombia','Risaralda','PEREIRA','DIRECCIÓN SECCIONAL DE RISARALDA','LESIONES PERSONALES','LESIONES ART. 111 C.P.','NO','NO','NO','NO','NO','MASCULINO','SIN DATO','Colombia','NO',5
'SI','NO','NO','INACTIVO','EJECUCIÓN DE PENAS',2012,2012,2012,'Ley 906','Colombia','Risaralda','PEREIRA','DIRECCIÓN SECCIONAL DE RISARALDA','HURTO','HURTO CALIFICADO ART. 240 C.P.  AGRAVADO POR LA DESTREZA ART. 241 C.P. N.10','SI','NO','NO','NO','NO','','SIN DATO','Colombia','NO',1
'SI','NO','NO','INACTIVO','INDAGACIÓN',2016,2016,2016,'Ley 906','Colombia','Risaralda','PEREIRA','DIRECCIÓN SECCIONAL DE RISARALDA','DELITOS SEXUALES','ACTO SEXUAL VIOLENTO. ART. 206 C.P.','NO','NO','NO','NO','NO','MASCULINO','SIN DATO','Colombia','NO',1
'NO','NO','NO','INACTIVO','QUERELLABLE',2016,2016,2013,'Ley 906','Colombia','Risaralda','PEREIRA','DIRECCIÓN SECCIONAL DE RISARALDA','PATRIMONIO ECONOMICO','ABUSO DE CONFIANZA. ART. 249 C.P.','NO','NO','SI','NO','NO','MASCULINO','SIN DATO','Colombia','NO',1
'NO','NO','NO','INACTIVO','QUERELLABLE',2018,2018,2018,'Ley 906','Colombia','Risaralda','PEREIRA','DIRECCIÓN SECCIONAL DE RISARALDA','LESIONES PERSONALES','LESIONES ART. 111 C.P.','NO','NO','SI','NO','NO','MASCULINO','SIN DATO','Colombia','NO',11
'SI','NO','NO','INACTIVO','QUERELLABLE',2020,2020,2020,'Ley 1098','Colombia','Risaralda','PEREIRA','DIRECCIÓN SECCIONAL DE RISARALDA','LESIONES PERSONALES','LESIONES ART. 111 C.P.','NO','NO','NO','NO','NO','FEMENINO','ADOLESCENTE 14 - 17','Colombia','NO',2
'NO','NO','NO','INACTIVO','INDAGACIÓN',2012,2012,2012,'Ley 906','Colombia','Risaralda','PEREIRA','DIRECCIÓN SECCIONAL DE RISARALDA','HURTO','HURTO MENOR CUANTIA. ART. 239 C.P. AGRAVADO POR ESTABLECIMIENTO PUBLICO ART. 241 C.P. N.11','NO','NO','SI','NO','SI','MASCULINO','ADULTEZ 29 - 59','Colombia','NO',2
'SI','NO','NO','ACTIVO','JUICIO',2018,2018,2018,'Ley 906','Colombia','Risaralda','PEREIRA','DIRECCIÓN SECCIONAL DE RISARALDA','CONCIERTO PARA DELINQUIR','CONCIERTO PARA DELINQUIR ART. 340 C.P.','NO','NO','NO','NO','SI','MASCULINO','SIN DATO','Colombia','NO',2
'SI','NO','NO','INACTIVO','INDAGACIÓN',2019,2019,2019,'Ley 906','Colombia','Risaralda','PEREIRA','DIRECCIÓN SECCIONAL DE RISARALDA','HURTO','HURTO. ART. 239 C.P. AGRAVADO POR ESTABLECIMIENTO PUBLICO ART. 241 C.P. N.11','NO','NO','NO','NO','NO','FEMENINO','JUVENTUD 18 - 28','Ecuador','NO',1
'SI','NO','NO','INACTIVO','QUERELLABLE',2012,2012,2012,'Ley 906','Colombia','Risaralda','PEREIRA','DIRECCIÓN SECCIONAL DE RISARALDA','VIOLENCIA INTRAFAMILIAR','VIOLENCIA INTRAFAMILIAR ART. 229 C.P.','NO','NO','NO','NO','NO','','ADULTO MAYOR DE 60','Colombia','NO',4
'SI','NO','NO','INACTIVO','INDAGACIÓN',2016,2016,2016,'Ley 906','Colombia','Risaralda','PEREIRA','DIRECCIÓN SECCIONAL DE RISARALDA','AMENAZAS','AMENAZAS ART. 347 C.P.','NO','NO','NO','NO','NO','MASCULINO','SIN DATO','','NO',4
'SI','NO','NO','INACTIVO','INVESTIGACIÓN',2011,2011,2011,'Ley 906','Colombia','Risaralda','PEREIRA','DIRECCIÓN SECCIONAL DE RISARALDA','HURTO','HURTO CALIFICADO. ART. 240 C.P.','SI','NO','NO','NO','SI','MASCULINO','ADULTEZ 29 - 59','Colombia','NO',1
'SI','NO','NO','INACTIVO','INDAGACIÓN',2015,2015,2014,'Ley 906','Colombia','Risaralda','PEREIRA','DIRECCIÓN SECCIONAL DE RISARALDA','LESIONES PERSONALES CULPOSAS','LESIONES CULPOSAS ART. 120 C.P. INCISO 1','NO','NO','NO','NO','NO','MASCULINO','SIN DATO','','NO',1
'SI','NO','NO','ACTIVO','INDAGACIÓN',2019,2019,2019,'Ley 906','Colombia','Risaralda','PEREIRA','DIRECCIÓN SECCIONAL DE RISARALDA','ESTAFA','ESTAFA. ART. 246 C.P.','NO','NO','NO','NO','NO','MASCULINO','SIN DATO','','NO',13
'SI','NO','NO','ACTIVO','INDAGACIÓN',2019,2019,2018,'Ley 906','Colombia','Risaralda','PEREIRA','DIRECCIÓN SECCIONAL DE RISARALDA','CORRUPCION JUDICIAL','AMENAZAS A TESTIGOS ART. 454A C.P. AD. LEY 890 DE 2004 ART.13','NO','NO','NO','NO','NO','MASCULINO','SIN DATO','Colombia','NO',2
'SI','NO','NO','ACTIVO','INDAGACIÓN',2015,2015,2013,'Ley 906','Colombia','Risaralda','PEREIRA','DIRECCIÓN SECCIONAL DE RISARALDA','CORRUPCION JUDICIAL','FRAUDE PROCESAL ART. 453 C.P.','NO','NO','NO','NO','NO','MASCULINO','SIN DATO','Colombia','NO',6
'SI','NO','SI','INACTIVO','QUERELLABLE',2014,2014,2014,'Ley 1098','Colombia','Risaralda','PEREIRA','DIRECCIÓN SECCIONAL DE RISARALDA','HOMICIDIO CULPOSO','HOMICIDIO CULPOSO ART. 109 C.P.','NO','NO','NO','NO','NO','','SIN DATO','Colombia','NO',1
'SI','NO','NO','INACTIVO','INDAGACIÓN',2016,2016,2016,'Ley 906','Colombia','Risaralda','PEREIRA','DIRECCIÓN SECCIONAL DE RISARALDA','HURTO','HURTO CALIFICADO ART. 240 C.P. MENOR CUANTIA','NO','NO','NO','NO','SI','FEMENINO','JUVENTUD 18 - 28','Colombia','NO',1
'SI','NO','NO','INACTIVO','JUICIO',2014,2014,2014,'Ley 906','Colombia','Risaralda','PEREIRA','DIRECCIÓN SECCIONAL DE RISARALDA','ESTUPEFACIENTES','TRAFICO FABRICACION O PORTE DE ESTUPEFACIENTES ART. 376 C..','SI','NO','NO','NO','SI','MASCULINO','SIN DATO','Colombia','NO',2
'SI','NO','NO','ACTIVO','INDAGACIÓN',2020,2020,2020,'Ley 906','Colombia','Risaralda','PEREIRA','DIRECCIÓN SECCIONAL DE RISARALDA','HURTO','HURTO MENOR CUANTIA. ART. 239 C.P. AGRAVADO POR LA CONFIANZA ART. 241 C.P. N.2','NO','NO','NO','NO','NO','FEMENINO','SIN DATO','Colombia','NO',6
'SI','NO','NO','INACTIVO','INDAGACIÓN',2014,2014,2014,'Ley 906','Colombia','Risaralda','PEREIRA','DIRECCIÓN SECCIONAL DE RISARALDA','HURTO','HURTO. ART. 239 C.P. AGRAVADO POR LA CONFIANZA ART. 241 C.P. N.2','NO','NO','NO','NO','NO','MASCULINO','ADULTEZ 29 - 59','Colombia','NO',7
'SI','NO','NO','INACTIVO','INDAGACIÓN',2016,2016,2016,'Ley 906','Colombia','Risaralda','PEREIRA','DIRECCIÓN SECCIONAL DE RISARALDA','HOMICIDIO CULPOSO','HOMICIDIO CULPOSO ART. 109 C.P.','NO','NO','NO','NO','NO','FEMENINO','ADULTO MAYOR DE 60','Colombia','NO',1
'SI','NO','NO','INACTIVO','JUICIO',2013,2013,2010,'Ley 906','Colombia','Risaralda','PEREIRA','DIRECCIÓN SECCIONAL DE RISARALDA','PATRIMONIO ECONOMICO','ABUSO DE CONDICIONES DE INFERIORIDAD. ART. 251 C.P. MENOR CUANTIA','SI','NO','NO','SI','NO','MASCULINO','SIN DATO','Colombia','NO',1
'SI','NO','NO','ACTIVO','INDAGACIÓN',2018,2018,2018,'Ley 906','Colombia','Risaralda','PEREIRA','DIRECCIÓN SECCIONAL DE RISARALDA','HURTO','HURTO. ART. 239 C.P. AGRAVADO POR ESTABLECIMIENTO PUBLICO ART. 241 C.P. N.11','NO','NO','NO','NO','NO','FEMENINO','JUVENTUD 18 - 28','Colombia','NO',2
'SI','NO','NO','INACTIVO','JUICIO',2011,2011,2011,'Ley 906','Colombia','Risaralda','PEREIRA','DIRECCIÓN SECCIONAL DE RISARALDA','FABRICACION,TRAFICO Y PORTE DE ARMAS','FABRICACION,TRAFICO Y PORTE DE ARMAS DE FUEGO O MUNICIONES POR PORTE ART. 365 C.P.','NO','NO','NO','NO','NO','MASCULINO','SIN DATO','Colombia','NO',1
'SI','NO','NO','ACTIVO','INDAGACIÓN',2019,2019,2019,'Ley 906','Colombia','Risaralda','PEREIRA','DIRECCIÓN SECCIONAL DE RISARALDA','LESIONES PERSONALES','LESIONES ART. 111 C.P.','NO','NO','NO','NO','NO','','JUVENTUD 18 - 28','Colombia','NO',1
'NO','NO','NO','INACTIVO','QUERELLABLE',2018,2018,2018,'Ley 906','Colombia','Risaralda','PEREIRA','DIRECCIÓN SECCIONAL DE RISARALDA','INJURIA Y CALUMNIA','CALUMNIA. ART. 221 C.P.','NO','NO','SI','NO','NO','FEMENINO','SIN DATO','Colombia','NO',1
'SI','NO','NO','INACTIVO','JUICIO',2013,2013,2013,'Ley 906','Colombia','Risaralda','PEREIRA','DIRECCIÓN SECCIONAL DE MEDELLÍN','ESTAFA','ESTAFA. ART. 246 C.P. MENOR CUANTIA','SI','NO','NO','SI','NO','MASCULINO','SIN DATO','Colombia','NO',1
'SI','NO','NO','ACTIVO','JUICIO',2016,2016,2015,'Ley 906','Colombia','Risaralda','PEREIRA','DIRECCIÓN SECCIONAL DE RISARALDA','CORRUPCION ADMINISTRATIVA','CONTRATO SIN CUMPLIMIENTO DE REQUISITOS LEGALES ART. 410 C.P.','SI','NO','NO','SI','SI','MASCULINO','SIN DATO','Colombia','NO',5
'SI','NO','NO','INACTIVO','JUICIO',2018,2018,2018,'Ley 906','Colombia','Risaralda','PEREIRA','DIRECCIÓN SECCIONAL DE RISARALDA','IMPARTICION DE JUSTICIA','RECEPTACION ART. 447 C.P.','NO','NO','NO','SI','NO','FEMENINO','JUVENTUD 18 - 28','Colombia','NO',1
'SI','NO','NO','INACTIVO','TERMINACIÓN ANTICIPADA',2011,2011,2011,'Ley 906','Colombia','Risaralda','PEREIRA','DIRECCIÓN SECCIONAL DE RISARALDA','HURTO','HURTO CALIFICADO. ART. 240 C.P.','SI','NO','NO','NO','SI','','SIN DATO','Colombia','NO',1
'SI','NO','NO','INACTIVO','EJECUCIÓN DE PENAS',2010,2010,2010,'Ley 906','Colombia','Risaralda','PEREIRA','DIRECCIÓN SECCIONAL DE RISARALDA','ESTUPEFACIENTES','TRAFICO FABRICACION O PORTE DE ESTUPEFACIENTES ART. 376 C..','SI','NO','NO','SI','SI','MASCULINO','ADOLESCENTE 14 - 17','Colombia','NO',1
'SI','NO','NO','INACTIVO','INDAGACIÓN',2014,2014,2013,'Ley 1098','Colombia','Risaralda','PEREIRA','DIRECCIÓN SECCIONAL DE RISARALDA','DELITOS SEXUALES','ACCESO CARNAL ABUSIVO CON MENOR DE CATORCE AÑOS. ART. 208 C.P.','NO','NO','NO','NO','NO','MASCULINO','SIN DATO','Colombia','NO',1
'SI','NO','NO','INACTIVO','INVESTIGACIÓN',2017,2017,2017,'Ley 906','Colombia','Risaralda','PEREIRA','DIRECCIÓN SECCIONAL DE RISARALDA','SECUESTRO SIMPLE','SECUESTRO SIMPLE ART. 168 C.P.','NO','NO','NO','NO','SI','MASCULINO','ADULTEZ 29 - 59','Colombia','NO',1
'SI','NO','NO','INACTIVO','INDAGACIÓN',2016,2016,2016,'Ley 906','Colombia','Risaralda','PEREIRA','DIRECCIÓN SECCIONAL DE RISARALDA','LIBERTAD INDIVIDUAL Y OTRAS GARANTIAS','DIVULGACION Y EMPLEO DE DOCUMENTOS RESERVADOS. ART. 194 C.P.','NO','NO','NO','NO','NO','MASCULINO','SIN DATO','Colombia','NO',1
'SI','NO','NO','INACTIVO','QUERELLABLE',2014,2014,2012,'Ley 906','Colombia','Risaralda','PEREIRA','DIRECCIÓN SECCIONAL DE RISARALDA','ESTAFA','ESTAFA. ART. 246 C.P. MENOR CUANTIA','NO','NO','NO','NO','NO','','SIN DATO','Colombia','NO',1
'SI','NO','NO','INACTIVO','INDAGACIÓN',2012,2012,2012,'Ley 906','Colombia','Risaralda','PEREIRA','DIRECCIÓN SECCIONAL DE RISARALDA','LESIONES PERSONALES','LESIONES ART. 111 C.P.','NO','NO','NO','NO','SI','MASCULINO','SIN DATO','Colombia','NO',1
'NO','SI','NO','ACTIVO','JUICIO',2018,2018,2017,'Ley 906','Colombia','Risaralda','PEREIRA','DIRECCIÓN SECCIONAL DE RISARALDA','EXTORSION','EXTORSION ART. 244 C.P. MODIF.','NO','NO','NO','SI','NO','MASCULINO','SIN DATO','Colombia','NO',1
'SI','NO','NO','ACTIVO','JUICIO',2017,2017,2017,'Ley 906','Colombia','Risaralda','PEREIRA','DIRECCIÓN SECCIONAL DE RISARALDA','VIOLENCIA INTRAFAMILIAR','VIOLENCIA INTRAFAMILIAR ART. 229 C.P.','SI','NO','NO','SI','NO','MASCULINO','ADULTEZ 29 - 59','El Salvador','NO',1
'SI','NO','NO','ACTIVO','INVESTIGACIÓN',2020,2020,2020,'Ley 906','Colombia','Risaralda','PEREIRA','DIRECCIÓN SECCIONAL DE RISARALDA','ESTUPEFACIENTES','TRAFICO FABRICACION O PORTE DE ESTUPEFACIENTES ART. 376 C..','SI','NO','NO','NO','NO','MASCULINO','ADULTEZ 29 - 59','Colombia','NO',2
'SI','NO','NO','INACTIVO','QUERELLABLE',2019,2019,2019,'Ley 906','Colombia','Risaralda','PEREIRA','DIRECCIÓN SECCIONAL DE RISARALDA','LESIONES PERSONALES','DE LAS LESIONES PERSONALES','NO','NO','NO','NO','NO','FEMENINO','ADULTEZ 29 - 59','','NO',1
'SI','NO','NO','INACTIVO','INDAGACIÓN',2012,2012,2012,'Ley 906','Colombia','Risaralda','PEREIRA','DIRECCIÓN SECCIONAL DE RISARALDA','ESTAFA','ESTAFA. ART. 246 C.P. MENOR CUANTIA','NO','NO','NO','NO','NO','','JUVENTUD 18 - 28','Colombia','NO',1
'SI','NO','NO','ACTIVO','INDAGACIÓN',2016,2016,2016,'Ley 906','Colombia','Risaralda','PEREIRA','DIRECCIÓN SECCIONAL DE RISARALDA','DELITOS SEXUALES','ACCESO CARNAL O ACTO SEXUAL EN PERSONA PUESTA EN INCAPACIDAD DE RESISTIR ART.207 C.P. AGRAVADO ART. 211 N.8 . CON INTENCIÓN DE GENERAR CONTROL SOCIAL,TEMOR U OBEDIENCIA EN LA COMUNIDAD','NO','NO','NO','NO','NO','MASCULINO','ADULTEZ 29 - 59','Colombia','NO',1
'SI','NO','NO','INACTIVO','INDAGACIÓN',2019,2019,2019,'Ley 906','Colombia','Risaralda','PEREIRA','DIRECCIÓN SECCIONAL DE RISARALDA','INJURIA Y CALUMNIA','INJURIA. ART. 220 C.P.','NO','NO','NO','NO','NO','FEMENINO','SIN DATO','','NO',2
'SI','NO','NO','INACTIVO','INDAGACIÓN',2010,2010,2010,'Ley 906','Colombia','Risaralda','PEREIRA','DIRECCIÓN SECCIONAL DE RISARALDA','ESTAFA','ESTAFA. ART. 246 C.P.','NO','NO','NO','NO','NO','FEMENINO','ADULTEZ 29 - 59','Colombia','NO',8
'NO','NO','NO','INACTIVO','INDAGACIÓN',2013,2013,2013,'Ley 906','Colombia','Risaralda','PEREIRA','DIRECCIÓN SECCIONAL DE RISARALDA','CONSTRENIMIENTO','CONSTREÑIMIENTO ILEGAL ART. 182 C.P.','NO','NO','SI','NO','NO','MASCULINO','SIN DATO','Colombia','NO',8
'SI','NO','NO','INACTIVO','JUICIO',2017,2017,2017,'Ley 906','Colombia','Risaralda','PEREIRA','DIRECCIÓN SECCIONAL DE RISARALDA','VIOLENCIA INTRAFAMILIAR','VIOLENCIA INTRAFAMILIAR ART. 229 C.P.','SI','NO','NO','SI','SI','MASCULINO','ADULTEZ 29 - 59','Colombia','NO',5
'NO','NO','NO','INACTIVO','QUERELLABLE',2012,2012,2011,'Ley 906','Colombia','Risaralda','PEREIRA','DIRECCIÓN SECCIONAL DE RISARALDA','HURTO','HURTO ART. 239 C.P. MAYOR CUANTIA','NO','NO','SI','NO','NO','MASCULINO','SIN DATO','Colombia','NO',1
'NO','NO','NO','INACTIVO','INDAGACIÓN',2012,2012,2012,'Ley 906','Colombia','Risaralda','PEREIRA','DIRECCIÓN SECCIONAL DE RISARALDA','DELITOS SEXUALES','DEMANDA DE EXPLOTACIÓN SEXUAL COMERCIAL CON MENOR DE 18 AÑOS Art 217A','NO','NO','SI','NO','SI','MASCULINO','ADULTEZ 29 - 59','Colombia','NO',1
'NO','SI','NO','INACTIVO','EJECUCIÓN DE PENAS',2019,2019,2019,'Ley 906','Colombia','Risaralda','PEREIRA','DIRECCIÓN SECCIONAL DE RISARALDA','FABRICACION,TRAFICO Y PORTE DE ARMAS','FABRICACION,TRAFICO Y PORTE DE ARMAS DE FUEGO O MUNICIONES ART. 365 C.P.','SI','SI','NO','SI','SI','FEMENINO','JUVENTUD 18 - 28','Colombia','NO',1
'SI','NO','NO','INACTIVO','EJECUCIÓN DE PENAS',2017,2017,2017,'Ley 906','Colombia','Risaralda','PEREIRA','DIRECCIÓN SECCIONAL DE RISARALDA','HURTO','HURTO. ART. 239 C.P.','SI','SI','NO','SI','NO','MASCULINO','SIN DATO','Colombia','NO',2
'NO','SI','NO','INACTIVO','EJECUCIÓN DE PENAS',2017,2018,2017,'Ley 906','Colombia','Risaralda','PEREIRA','DIRECCIÓN SECCIONAL DE RISARALDA','CONCIERTO PARA DELINQUIR','CONCIERTO PARA DELINQUIR ART. 340 C.P.','SI','SI','NO','SI','SI','MASCULINO','ADULTEZ 29 - 59','Colombia','NO',3
'NO','NO','NO','INACTIVO','INDAGACIÓN',2018,2018,2018,'Ley 906','Colombia','Risaralda','PEREIRA','DIRECCIÓN SECCIONAL DE RISARALDA','CONTRA LA FAMILIA','EJERCICIO ARBITRARIO DE LA CUSTODIA DE HIJO MENOR DE EDAD ART. 230A C.P. AD. LEY 890/2004 ART.7','NO','NO','SI','NO','NO','FEMENINO','PRIMERA INFANCIA 0 - 5','Colombia','NO',1
'SI','NO','NO','INACTIVO','INDAGACIÓN',2015,2015,2015,'Ley 1098','Colombia','Risaralda','PEREIRA','DIRECCIÓN SECCIONAL DE RISARALDA','DELITOS SEXUALES','ACTO SEXUAL CON MENOR DE CATORCE AÑOS ART. 209 C.P. AGRAVADO ART. 211 N.4. SE REALIZARE SOBRE PERSONA MENOR DE 14 AÑOS','NO','NO','NO','NO','NO','MASCULINO','SIN DATO','Colombia','NO',4
'NO','NO','NO','INACTIVO','INDAGACIÓN',2011,2011,2011,'Ley 906','Colombia','Risaralda','PEREIRA','DIRECCIÓN SECCIONAL DE RISARALDA','HURTO','HURTO ART. 239 C.P. MENOR CUANTIA','NO','NO','SI','NO','NO','MASCULINO','ADULTEZ 29 - 59','Colombia','NO',2
'SI','NO','NO','INACTIVO','INDAGACIÓN',2014,2014,2014,'Ley 906','Colombia','Risaralda','PEREIRA','DIRECCIÓN SECCIONAL DE RISARALDA','HURTO','HURTO. ART. 239 C.P.','NO','NO','NO','NO','NO','FEMENINO','ADULTEZ 29 - 59','Colombia','NO',7
'NO','NO','NO','INACTIVO','INDAGACIÓN',2013,2013,2013,'Ley 906','Colombia','Risaralda','PEREIRA','DIRECCIÓN SECCIONAL DE RISARALDA','ADMINISTRACION PUBLICA','VIOLENCIA CONTRA SERVIDOR PUBLICO ART. 429 C.P.','NO','NO','SI','NO','NO','','SIN DATO','Colombia','NO',4
'NO','SI','NO','INACTIVO','JUICIO',2013,2013,2013,'Ley 906','Colombia','Risaralda','PEREIRA','DIRECCIÓN SECCIONAL DE RISARALDA','ESTUPEFACIENTES','TRAFICO FABRICACION O PORTE DE ESTUPEFACIENTES ART. 376 C..','SI','NO','NO','SI','SI','MASCULINO','ADULTEZ 29 - 59','Colombia','NO',3
'NO','NO','NO','INACTIVO','QUERELLABLE',2018,2018,2018,'Ley 906','Colombia','Risaralda','PEREIRA','DIRECCIÓN SECCIONAL DE RISARALDA','INJURIA Y CALUMNIA','INJURIA. ART. 220 C.P.','NO','NO','SI','NO','NO','MASCULINO','SIN DATO','','NO',2
'NO','NO','NO','INACTIVO','QUERELLABLE',2010,2010,2010,'Ley 906','Colombia','Risaralda','PEREIRA','DIRECCIÓN SECCIONAL DE RISARALDA','INJURIA Y CALUMNIA','CALUMNIA. ART. 221 C.P.','NO','NO','SI','NO','NO','MASCULINO','JUVENTUD 18 - 28','Colombia','NO',1
'SI','NO','NO','INACTIVO','EJECUCIÓN DE PENAS',2014,2014,2014,'Ley 906','Colombia','Risaralda','PEREIRA','DIRECCIÓN SECCIONAL DE RISARALDA','LESIONES PERSONALES CULPOSAS','LESIONES CULPOSAS ART. 120 C.P. INCISO 1','SI','SI','NO','SI','NO','MASCULINO','ADULTEZ 29 - 59','Colombia','NO',1
'SI','NO','NO','ACTIVO','INDAGACIÓN',2017,2017,2017,'Ley 906','Colombia','Risaralda','PEREIRA','DIRECCIÓN SECCIONAL DE VALLE DEL CAUCA','HURTO','HURTO. ART. 239 C.P.','NO','NO','NO','NO','NO','MASCULINO','SIN DATO','Colombia','NO',3
'SI','NO','NO','INACTIVO','EJECUCIÓN DE PENAS',2013,2013,2013,'Ley 1098','Colombia','Risaralda','PEREIRA','DIRECCIÓN SECCIONAL DE RISARALDA','ESTUPEFACIENTES','TRAFICO FABRICACION O PORTE DE ESTUPEFACIENTES ART. 376 C..','SI','NO','NO','NO','SI','MASCULINO','ADOLESCENTE 14 - 17','Colombia','NO',2
'SI','NO','NO','INACTIVO','JUICIO',2012,2012,2011,'Ley 906','Colombia','Risaralda','PEREIRA','DIRECCIÓN SECCIONAL DE RISARALDA','CONTRA LA FAMILIA','INASISTENCIA ALIMENTARIA ART. 233 C.P.','SI','NO','NO','SI','NO','','JUVENTUD 18 - 28','Colombia','NO',1
'NO','SI','NO','INACTIVO','EJECUCIÓN DE PENAS',2015,2017,2015,'Ley 906','Colombia','Risaralda','PEREIRA','DIRECCIÓN SECCIONAL DE RISARALDA','CORRUPCION ADMINISTRATIVA','COHECHO PROPIO ART. 405 C.P.','SI','SI','NO','SI','SI','MASCULINO','ADULTEZ 29 - 59','Colombia','NO',1
'NO','NO','NO','INACTIVO','QUERELLABLE',2017,2017,2017,'Ley 906','Colombia','Risaralda','PEREIRA','DIRECCIÓN SECCIONAL DE BOGOTÁ','ESTAFA','ESTAFA. ART. 246 C.P. MENOR CUANTIA','NO','NO','SI','NO','NO','MASCULINO','SIN DATO','Colombia','NO',1
'SI','NO','NO','INACTIVO','INDAGACIÓN',2011,2011,2011,'Ley 906','Colombia','Risaralda','PEREIRA','DIRECCIÓN SECCIONAL DE RISARALDA','DELITOS SEXUALES','ACTOS SEXUALES CON MENOR DE CATORCE AÑOS. ART. 209 C.P.','NO','NO','NO','NO','NO','','JUVENTUD 18 - 28','Colombia','NO',1
'NO','NO','NO','INACTIVO','QUERELLABLE',2016,2016,2016,'Ley 906','Colombia','Risaralda','PEREIRA','DIRECCIÓN SECCIONAL DE RISARALDA','LESIONES PERSONALES','LESIONES ART. 111 C.P.','NO','NO','SI','NO','NO','MASCULINO','ADULTEZ 29 - 59','Colombia','NO',2
'NO','NO','NO','INACTIVO','INDAGACIÓN',2019,2019,2019,'Ley 906','Colombia','Risaralda','PEREIRA','DIRECCIÓN SECCIONAL DE RISARALDA','FALSEDAD EN DOCUMENTO','FALSEDAD EN DOCUMENTO PRIVADO. ART. 289 C.P.','NO','NO','SI','NO','NO','FEMENINO','SIN DATO','Colombia','NO',1
'SI','NO','SI','INACTIVO','INDAGACIÓN',2013,2013,2013,'Ley 906','Colombia','Risaralda','PEREIRA','DELEGADA ANTE LA CORTE SUPREMA DE JUSTICIA','CORRUPCION JUDICIAL','PREVARICATO POR OMISION ART. 414 C.P.','NO','NO','NO','NO','NO','','SIN DATO','Colombia','NO',1
'NO','NO','NO','INACTIVO','INDAGACIÓN',2010,2010,2010,'Ley 906','Colombia','Risaralda','PEREIRA','DIRECCIÓN SECCIONAL DE RISARALDA','HURTO','HURTO. ART. 239 C.P. AGRAVADO POR LA CONFIANZA ART. 241 C.P. N.2','NO','NO','SI','NO','NO','FEMENINO','JUVENTUD 18 - 28','Colombia','NO',1
'NO','NO','NO','INACTIVO','QUERELLABLE',2012,2012,2012,'Ley 906','Colombia','Risaralda','PEREIRA','DIRECCIÓN SECCIONAL DE RISARALDA','DELITOS SEXUALES','ACCESO CARNAL VIOLENTO. ART. 205 C.P.','NO','NO','SI','NO','NO','MASCULINO','ADULTEZ 29 - 59','Colombia','NO',1
'SI','NO','NO','INACTIVO','QUERELLABLE',2012,2012,2012,'Ley 906','Colombia','Risaralda','PEREIRA','DIRECCIÓN SECCIONAL DE RISARALDA','LESIONES PERSONALES CULPOSAS','LESIONES PERSONALES CULPOSAS ART 120 C.P. CON INCAPACIDAD MAYOR 30 DIAS MENOR 90 DIAS ART. 112 C.P.INCISO 2','NO','NO','NO','NO','NO','MASCULINO','ADULTEZ 29 - 59','Colombia','NO',1
'SI','NO','NO','INACTIVO','INDAGACIÓN',2011,2011,2011,'Ley 906','Colombia','Risaralda','PEREIRA','DIRECCIÓN SECCIONAL DE RISARALDA','ESTAFA','ESTAFA. ART. 246 C.P. MENOR CUANTIA','NO','NO','NO','NO','NO','FEMENINO','SIN DATO','Colombia','NO',7
'SI','NO','NO','INACTIVO','INVESTIGACIÓN',2011,2011,2011,'Ley 906','Colombia','Risaralda','PEREIRA','DIRECCIÓN SECCIONAL DE RISARALDA','CONTRA LA FAMILIA','INASISTENCIA ALIMENTARIA ART. 233 C.P.','SI','NO','NO','NO','NO','MASCULINO','SIN DATO','Colombia','NO',1
'NO','NO','NO','INACTIVO','QUERELLABLE',2014,2014,2013,'Ley 906','Colombia','Risaralda','PEREIRA','DIRECCIÓN SECCIONAL DE RISARALDA','LESIONES PERSONALES CULPOSAS','LESIONES CULPOSAS ART. 120 C.P. INCISO 1','NO','NO','SI','NO','NO','MASCULINO','ADULTEZ 29 - 59','Colombia','NO',1
'SI','NO','NO','INACTIVO','JUICIO',2011,2011,2011,'Ley 906','Colombia','Risaralda','PEREIRA','DIRECCIÓN SECCIONAL DE RISARALDA','HURTO','HURTO CALIFICADO ART. 240 C.P.  AGRAVADO POR LA DESTREZA ART. 241 C.P. N.10','SI','NO','NO','SI','SI','MASCULINO','JUVENTUD 18 - 28','Colombia','NO',4
'SI','NO','NO','INACTIVO','EJECUCIÓN DE PENAS',2011,2011,2011,'Ley 906','Colombia','Risaralda','PEREIRA','DIRECCIÓN SECCIONAL DE RISARALDA','CORRUPCION TRIBUTARIA','OMISION DEL AGENTE RETENEDOR O RECAUDADOR ART. 402 C.P.','SI','SI','NO','SI','NO','MASCULINO','SIN DATO','','NO',1
'NO','NO','NO','INACTIVO','INDAGACIÓN',2016,2016,2016,'Ley 906','Colombia','Risaralda','PEREIRA','DIRECCIÓN SECCIONAL DE RISARALDA','ADMINISTRACION PUBLICA','DELITOS CONTRA LA ADMINISTRACION DE PUBLICA','NO','NO','SI','NO','NO','MASCULINO','SIN DATO','Colombia','NO',2
'SI','NO','NO','INACTIVO','INDAGACIÓN',2016,2016,2016,'Ley 906','Colombia','Risaralda','PEREIRA','DIRECCIÓN SECCIONAL DE RISARALDA','DELITOS INFORMATICOS','HURTO POR MEDIOS INFORMATICOS Y SEMEJANTES ART. 269I LEY 1273 DE 2009','NO','NO','NO','NO','NO','MASCULINO','SIN DATO','Colombia','NO',2
'SI','NO','NO','ACTIVO','JUICIO',2018,2018,2018,'Ley 906','Colombia','Risaralda','PEREIRA','DIRECCIÓN SECCIONAL DE RISARALDA','FABRICACION,TRAFICO Y PORTE DE ARMAS','FABRICACION,TRAFICO Y PORTE DE ARMAS DE FUEGO O MUNICIONES ART. 365 C.P.','NO','NO','NO','SI','NO','FEMENINO','JUVENTUD 18 - 28','Colombia','NO',1
'NO','NO','NO','INACTIVO','EJECUCIÓN DE PENAS',2018,2018,2018,'Ley 906','Colombia','Risaralda','PEREIRA','DIRECCIÓN SECCIONAL DE RISARALDA','ESTUPEFACIENTES','TRAFICO DE SUSTANCIAS PARA PROCESAMIENTO DE NARCOTICOS ART. 382 C.P. CUANDO LA CANTIDAD SUPERE CIEN KILOS O CIEN LITROS','SI','NO','SI','NO','SI','MASCULINO','JUVENTUD 18 - 28','Colombia','NO',3
'NO','NO','NO','INACTIVO','INDAGACIÓN',2010,2010,2010,'Ley 906','Colombia','Risaralda','PEREIRA','DIRECCIÓN SECCIONAL DE RISARALDA','FALSEDAD EN DOCUMENTO','FALSEDAD EN DOCUMENTO PRIVADO. ART. 289 C.P.','NO','NO','SI','NO','NO','MASCULINO','JUVENTUD 18 - 28','Colombia','NO',3
'SI','NO','NO','ACTIVO','INDAGACIÓN',2020,2020,2020,'Ley 906','Colombia','Risaralda','PEREIRA','DIRECCIÓN SECCIONAL DE RISARALDA','VIOLENCIA INTRAFAMILIAR','VIOLENCIA INTRAFAMILIAR ART. 229 C.P.','NO','NO','NO','NO','NO','MASCULINO','SIN DATO','Venezuela','NO',1
'SI','NO','NO','INACTIVO','INDAGACIÓN',2015,2015,2015,'Ley 906','Colombia','Risaralda','PEREIRA','DIRECCIÓN SECCIONAL DE RISARALDA','HURTO','HURTO ART. 239 C.P. MAYOR CUANTIA','NO','NO','NO','NO','NO','MASCULINO','ADULTEZ 29 - 59','Colombia','NO',1
'NO','NO','NO','INACTIVO','INDAGACIÓN',2010,2010,2010,'Ley 906','Colombia','Risaralda','PEREIRA','DIRECCIÓN SECCIONAL DE RISARALDA','HURTO','HURTO CALIFICADO ART. 240 C.P. MENOR CUANTIA','NO','NO','SI','NO','NO','MASCULINO','ADULTEZ 29 - 59','Colombia','NO',2
'SI','NO','NO','INACTIVO','JUICIO',2012,2012,2012,'Ley 906','Colombia','Risaralda','PEREIRA','DIRECCIÓN SECCIONAL DE RISARALDA','PATRIMONIO ECONOMICO','DAÑO EN BIEN AJENO. ART. 265 C.P.','SI','NO','NO','SI','NO','','SIN DATO','Colombia','NO',1
'SI','NO','NO','INACTIVO','INDAGACIÓN',2019,2019,2019,'Ley 906','Colombia','Risaralda','PEREIRA','DIRECCIÓN SECCIONAL DE RISARALDA','INJURIA Y CALUMNIA','INJURIA. ART. 220 C.P.','NO','NO','NO','NO','NO','MASCULINO','SIN DATO','Colombia','NO',1
'NO','NO','NO','INACTIVO','INDAGACIÓN',2014,2014,2014,'Ley 906','Colombia','Risaralda','PEREIRA','DIRECCIÓN SECCIONAL DE RISARALDA','HOMICIDIO DOLOSO','HOMICIDIO ART. 103 C.P.','NO','NO','SI','NO','NO','MASCULINO','SIN DATO','Colombia','NO',2
'NO','NO','NO','INACTIVO','INDAGACIÓN',2013,2013,2013,'Ley 906','Colombia','Risaralda','PEREIRA','DIRECCIÓN SECCIONAL DE RISARALDA','VIOLENCIA INTRAFAMILIAR','VIOLENCIA INTRAFAMILIAR ART. 229 C.P.','NO','NO','SI','NO','NO','MASCULINO','ADULTEZ 29 - 59','','NO',2
'NO','NO','NO','INACTIVO','INDAGACIÓN',2016,2016,2016,'Ley 906','Colombia','Risaralda','PEREIRA','DIRECCIÓN SECCIONAL DE RISARALDA','CONTRA LA FAMILIA','INASISTENCIA ALIMENTARIA ART. 233 C.P.','NO','NO','SI','NO','NO','FEMENINO','JUVENTUD 18 - 28','Colombia','NO',3
'NO','NO','NO','INACTIVO','INDAGACIÓN',2016,2016,2016,'Ley 906','Colombia','Risaralda','PEREIRA','DIRECCIÓN SECCIONAL DE RISARALDA','IMPARTICION DE JUSTICIA','RECEPTACION ART. 447 C.P.','NO','NO','SI','NO','NO','MASCULINO','ADULTEZ 29 - 59','Colombia','NO',2
'SI','NO','NO','ACTIVO','INDAGACIÓN',2019,2019,2019,'Ley 906','Colombia','Risaralda','PEREIRA','DIRECCIÓN SECCIONAL DE RISARALDA','FABRICACION,TRAFICO Y PORTE DE ARMAS','FABRICACION,TRAFICO Y PORTE DE ARMAS DE FUEGO O MUNICIONES ART. 365 C.P.','NO','NO','NO','NO','SI','MASCULINO','ADULTEZ 29 - 59','Colombia','NO',1
'NO','SI','NO','INACTIVO','EJECUCIÓN DE PENAS',2013,2015,2013,'Ley 906','Colombia','Risaralda','PEREIRA','DIRECCIÓN SECCIONAL DE RISARALDA','CONCIERTO PARA DELINQUIR','CONCIERTO PARA DELINQUIR AGRAVADO POR DARSE PARA NARCOTRAFICO ART. 340 C.P. INC.2','SI','SI','NO','NO','SI','MASCULINO','ADULTEZ 29 - 59','Colombia','NO',1
'NO','NO','NO','INACTIVO','INVESTIGACIÓN',2017,2017,2016,'Ley 906','Colombia','Risaralda','PEREIRA','DIRECCIÓN SECCIONAL DE RISARALDA','EXTORSION','EXTORSION MENOR CUANTIA ART. 244 C.P. AGRAVADA ART. 245 N.1','SI','NO','SI','NO','SI','MASCULINO','SIN DATO','Colombia','NO',2
'SI','NO','NO','INACTIVO','EJECUCIÓN DE PENAS',2010,2010,2010,'Ley 906','Colombia','Risaralda','PEREIRA','DIRECCIÓN SECCIONAL DE RISARALDA','HURTO','HURTO CALIFICADO. ART. 240 C.P.','NO','SI','NO','SI','SI','MASCULINO','ADULTEZ 29 - 59','Colombia','NO',1
'NO','NO','NO','INACTIVO','INDAGACIÓN',2010,2010,2010,'Ley 906','Colombia','Risaralda','PEREIRA','DIRECCIÓN SECCIONAL DE RISARALDA','HURTO','HURTO ART. 239 C.P. MAYOR CUANTIA','NO','NO','SI','NO','NO','MASCULINO','SIN DATO','Colombia','NO',1
'SI','NO','NO','INACTIVO','QUERELLABLE',2012,2012,2012,'Ley 906','Colombia','Risaralda','PEREIRA','DIRECCIÓN SECCIONAL DE RISARALDA','DELITOS SEXUALES','ACTO SEXUAL VIOLENTO. ART. 206 C.P.','NO','NO','NO','NO','NO','','SIN DATO','Colombia','NO',1
'SI','NO','NO','INACTIVO','INDAGACIÓN',2012,2012,2011,'Ley 906','Colombia','Risaralda','PEREIRA','DIRECCIÓN SECCIONAL DE RISARALDA','LESIONES PERSONALES','LESIONES ART. 111 C.P.','NO','NO','NO','NO','NO','MASCULINO','ADULTEZ 29 - 59','Colombia','NO',1
'SI','NO','NO','INACTIVO','EJECUCIÓN DE PENAS',2014,2014,2013,'Ley 906','Colombia','Risaralda','PEREIRA','DIRECCIÓN SECCIONAL DE RISARALDA','DELITOS SEXUALES','ACCESO CARNAL ABUSIVO CON MENOR DE CATORCE AÑOS ART.208 C.P. AGRAVADO ART. 211 N.6 . SE PRODUJERE EMBARAZO','SI','SI','NO','SI','NO','MASCULINO','JUVENTUD 18 - 28','Colombia','NO',1
'SI','NO','NO','INACTIVO','INDAGACIÓN',2016,2016,2016,'Ley 906','Colombia','Risaralda','PEREIRA','DIRECCIÓN SECCIONAL DE RISARALDA','HURTO','HURTO ART. 239 C.P. MENOR CUANTIA','NO','NO','NO','NO','NO','MASCULINO','ADULTO MAYOR DE 60','Colombia','NO',1
'SI','NO','NO','INACTIVO','INDAGACIÓN',2017,2017,2014,'Ley 906','Colombia','Risaralda','PEREIRA','DIRECCIÓN SECCIONAL DE RISARALDA','CORRUPCION PRIVADA','ADMINISTRACION DESLEAL ART. 250B C.P.','NO','NO','NO','NO','NO','MASCULINO','ADULTEZ 29 - 59','Colombia','NO',1
'SI','NO','NO','ACTIVO','INDAGACIÓN',2016,2016,2016,'Ley 906','Colombia','Risaralda','PEREIRA','DIRECCIÓN SECCIONAL DE RISARALDA','HURTO','HURTO ART. 239 C.P. MENOR CUANTIA','NO','NO','NO','NO','NO','MASCULINO','SIN DATO','Colombia','NO',2
'NO','NO','NO','INACTIVO','QUERELLABLE',2015,2015,2012,'Ley 906','Colombia','Risaralda','PEREIRA','DIRECCIÓN SECCIONAL DE RISARALDA','ESTAFA','ESTAFA. ART. 246 C.P. MENOR CUANTIA','NO','NO','SI','NO','NO','FEMENINO','SIN DATO','Colombia','NO',1
'NO','NO','NO','INACTIVO','INDAGACIÓN',2018,2018,2018,'Ley 1098','Colombia','Risaralda','PEREIRA','DIRECCIÓN SECCIONAL DE RISARALDA','DELITOS SEXUALES','ACCESO CARNAL VIOLENTO. ART. 205 C.P.','NO','NO','SI','NO','NO','MASCULINO','ADOLESCENTE 14 - 17','Colombia','NO',1
'NO','NO','NO','INACTIVO','INDAGACIÓN',2010,2010,2010,'Ley 906','Colombia','Risaralda','PEREIRA','DIRECCIÓN SECCIONAL DE RISARALDA','FE PUBLICA','FALSEDAD PERSONAL. ART. 296 C.P.','NO','NO','SI','NO','NO','FEMENINO','ADOLESCENTE 14 - 17','Colombia','NO',2
'NO','NO','NO','INACTIVO','QUERELLABLE',2011,2011,2010,'Ley 906','Colombia','Risaralda','PEREIRA','DIRECCIÓN SECCIONAL DE RISARALDA','LESIONES PERSONALES CULPOSAS','LESIONES CULPOSAS ART. 120 C.P. INCISO 1','NO','NO','SI','NO','NO','MASCULINO','ADULTEZ 29 - 59','Colombia','NO',1
'NO','NO','NO','INACTIVO','INDAGACIÓN',2013,2013,2013,'Ley 906','Colombia','Risaralda','PEREIRA','DIRECCIÓN SECCIONAL DE RISARALDA','FALSEDAD EN DOCUMENTO','DESTRUCCION,SUPRESION U OCULTAMIENTO DE DOCUMENTO PUBLICO. ART. 292 C.P.','NO','NO','SI','NO','NO','MASCULINO','JUVENTUD 18 - 28','Colombia','NO',2
'SI','NO','NO','INACTIVO','QUERELLABLE',2017,2017,2016,'Ley 906','Colombia','Risaralda','PEREIRA','DIRECCIÓN SECCIONAL DE RISARALDA','INJURIA Y CALUMNIA','CALUMNIA. ART. 221 C.P.','NO','NO','NO','NO','NO','FEMENINO','ADULTEZ 29 - 59','Colombia','NO',1
'SI','NO','NO','INACTIVO','JUICIO',2010,2010,2010,'Ley 906','Colombia','Risaralda','PEREIRA','DIRECCIÓN SECCIONAL DE RISARALDA','HURTO','HURTO. ART. 239 C.P.','SI','NO','NO','SI','NO','MASCULINO','ADOLESCENTE 14 - 17','Colombia','NO',2
'NO','NO','NO','INACTIVO','INDAGACIÓN',2011,2011,2011,'Ley 906','Colombia','Risaralda','PEREIRA','DIRECCIÓN SECCIONAL DE RISARALDA','ORDEN ECONOMICO SOCIAL','USO ILEGITIMO DE PATENTES ART. 307 C.P. INCISO 1. EL QUE FABRIQUE PRODUCTO SIN AUTORIZACION DE QUIEN TIENE EL DERECHO','NO','NO','SI','NO','NO','FEMENINO','ADULTEZ 29 - 59','Colombia','NO',1
'NO','SI','NO','INACTIVO','EJECUCIÓN DE PENAS',2018,2019,2018,'Ley 906','Colombia','Risaralda','PEREIRA','DIRECCIÓN SECCIONAL DE RISARALDA','HURTO','HURTO CALIFICADO. ART. 240 C.P.','SI','SI','NO','SI','NO','FEMENINO','SIN DATO','Colombia','NO',1
'SI','NO','NO','INACTIVO','EJECUCIÓN DE PENAS',2011,2011,2011,'Ley 906','Colombia','Risaralda','PEREIRA','DIRECCIÓN SECCIONAL DE RISARALDA','HURTO','HURTO CALIFICADO. ART. 240 C.P.','NO','NO','NO','NO','SI','','ADOLESCENTE 14 - 17','Colombia','NO',1
'SI','NO','NO','INACTIVO','INDAGACIÓN',2016,2016,2016,'Ley 906','Colombia','Risaralda','PEREIRA','DIRECCIÓN SECCIONAL DE RISARALDA','LESIONES PERSONALES CULPOSAS','LESIONES CULPOSAS ART. 120 C.P. AGRAVADO POR FUGA ART. 110 N.2 C.P.','NO','NO','NO','NO','NO','MASCULINO','JUVENTUD 18 - 28','Colombia','NO',2
'NO','SI','NO','INACTIVO','EJECUCIÓN DE PENAS',2011,2011,2011,'Ley 906','Colombia','Risaralda','PEREIRA','DIRECCIÓN SECCIONAL DE RISARALDA','FE PUBLICA','TRAFICO DE MONEDA FALSIFICADA. ART. 274 C.P.','SI','SI','NO','SI','SI','MASCULINO','JUVENTUD 18 - 28','Colombia','NO',1
'SI','NO','NO','ACTIVO','INDAGACIÓN',2017,2017,2017,'Ley 906','Colombia','Risaralda','PEREIRA','DIRECCIÓN SECCIONAL DE RISARALDA','LESIONES PERSONALES CULPOSAS','LESIONES CULPOSAS ART. 120 C.P. MEDIO MOTORIZADO INCISO 2','NO','NO','NO','NO','NO','MASCULINO','ADULTEZ 29 - 59','Argentina','NO',1
'NO','NO','NO','INACTIVO','INDAGACIÓN',2018,2018,2018,'Ley 906','Colombia','Risaralda','PEREIRA','DIRECCIÓN SECCIONAL DE RISARALDA','CONTRA LA FAMILIA','INASISTENCIA ALIMENTARIA ART. 233 C.P.','NO','NO','SI','NO','NO','FEMENINO','SIN DATO','Colombia','NO',2
'NO','NO','NO','INACTIVO','INDAGACIÓN',2015,2015,2015,'Ley 906','Colombia','Risaralda','PEREIRA','DIRECCIÓN SECCIONAL DE RISARALDA','CORRUPCION JUDICIAL','OCULTAMIENTO,ALTERACION O DESTRUCCION DE ELEMENTO MATERIAL PROBATORIO ART.454B C.P. AD. LEY 890/2004 ART.13','NO','NO','SI','NO','NO','FEMENINO','SIN DATO','Colombia','NO',1
'NO','SI','NO','INACTIVO','JUICIO',2012,2013,2012,'Ley 906','Colombia','Risaralda','PEREIRA','DIRECCIÓN SECCIONAL DE RISARALDA','HOMICIDIO DOLOSO','HOMICIDIO ART. 103 C.P.','SI','NO','NO','NO','NO','MASCULINO','SIN DATO','Colombia','NO',1
'SI','NO','NO','ACTIVO','QUERELLABLE',2019,2019,2018,'Ley 906','Colombia','Risaralda','PEREIRA','DIRECCIÓN SECCIONAL DE RISARALDA','LIBERTAD INDIVIDUAL Y OTRAS GARANTIAS','VIOLACION DE HABITACION AJENA ART. 189 C.P. POR VIOLACION EN LUGAR DE TRABAJO ART. 191 C.P.','NO','NO','NO','NO','NO','MASCULINO','SIN DATO','Colombia','NO',1
'NO','NO','NO','INACTIVO','QUERELLABLE',2016,2016,2016,'Ley 906','Colombia','Risaralda','PEREIRA','DIRECCIÓN SECCIONAL DE RISARALDA','HURTO','HURTO ART. 239 C.P. MENOR CUANTIA','NO','NO','SI','NO','NO','FEMENINO','SIN DATO','Colombia','NO',1
'SI','NO','NO','INACTIVO','INDAGACIÓN',2014,2014,2014,'Ley 906','Colombia','Risaralda','PEREIRA','DIRECCIÓN SECCIONAL DE RISARALDA','DELITOS SEXUALES','UTILIZAC.O FACILITAC.MEDIOS DE COMUNICAC.PARA OFRECER ACTIV. SEXUALES CON MENORES DE 18 AÑOS Art. 219 A','NO','NO','NO','NO','NO','MASCULINO','SIN DATO','Colombia','NO',1
'SI','NO','NO','ACTIVO','QUERELLABLE',2016,2016,2016,'Ley 906','Colombia','Risaralda','PEREIRA','DIRECCIÓN SECCIONAL DE RISARALDA','PATRIMONIO ECONOMICO','DAÑO EN BIEN AJENO. ART. 265 C.P. MENOR CUANTIA','NO','NO','NO','NO','NO','MASCULINO','SIN DATO','Colombia','NO',1
'SI','NO','NO','ACTIVO','INDAGACIÓN',2017,2017,2017,'Ley 906','Colombia','Risaralda','PEREIRA','DIRECCIÓN SECCIONAL DE RISARALDA','HURTO','HURTO. ART. 239 C.P. AGRAVADO POR LA CONFIANZA ART. 241 C.P. N.2','NO','NO','NO','NO','NO','FEMENINO','ADULTEZ 29 - 59','Colombia','NO',1
'SI','NO','NO','INACTIVO','INDAGACIÓN',2012,2012,2012,'Ley 906','Colombia','Risaralda','PEREIRA','DIRECCIÓN SECCIONAL DE RISARALDA','AMENAZAS','AMENAZAS ART. 347 C.P.','NO','NO','NO','NO','NO','FEMENINO','ADULTEZ 29 - 59','Colombia','NO',2
'SI','NO','NO','ACTIVO','INVESTIGACIÓN',2013,2013,2013,'Ley 906','Colombia','Risaralda','PEREIRA','DIRECCIÓN SECCIONAL DE RISARALDA','ESTUPEFACIENTES','TRAFICO FABRICACION O PORTE DE ESTUPEFACIENTES ART. 376 C..','SI','NO','NO','SI','NO','','SIN DATO','Colombia','NO',1
'NO','NO','NO','INACTIVO','INDAGACIÓN',2014,2014,2013,'Ley 906','Colombia','Risaralda','PEREIRA','DIRECCIÓN SECCIONAL DE RISARALDA','CONSTRENIMIENTO','CONSTREÑIMIENTO ILEGAL ART. 182 C.P.','NO','NO','SI','NO','NO','MASCULINO','ADULTEZ 29 - 59','Colombia','NO',1
'SI','NO','NO','INACTIVO','EJECUCIÓN DE PENAS',2017,2017,2017,'Ley 906','Colombia','Risaralda','PEREIRA','DIRECCIÓN SECCIONAL DE RISARALDA','HURTO','HURTO. ART. 239 C.P.','SI','SI','NO','SI','NO','MASCULINO','ADULTEZ 29 - 59','Colombia','NO',1
'SI','NO','NO','ACTIVO','INDAGACIÓN',2019,2019,2019,'Ley 1098','Colombia','Risaralda','PEREIRA','DIRECCIÓN SECCIONAL DE RISARALDA','FABRICACION,TRAFICO Y PORTE DE ARMAS','FABRICACION,TRAFICO Y PORTE DE ARMAS DE FUEGO O MUNICIONES ART. 365 C.P.','NO','NO','NO','NO','NO','MASCULINO','ADOLESCENTE 14 - 17','Colombia','NO',1
'SI','NO','NO','INACTIVO','INDAGACIÓN',2016,2016,2016,'Ley 1098','Colombia','Risaralda','PEREIRA','DIRECCIÓN SECCIONAL DE RISARALDA','EXTORSION','EXTORSION. ART. 244 C.P.','NO','NO','NO','NO','NO','MASCULINO','ADOLESCENTE 14 - 17','Colombia','NO',1
'NO','SI','NO','INACTIVO','EJECUCIÓN DE PENAS',2018,2019,2018,'Ley 906','Colombia','Risaralda','PEREIRA','DIRECCIÓN SECCIONAL DE RISARALDA','HURTO','HURTO CALIFICADO ART. 240 C.P. MENOR CUANTIA','NO','SI','NO','NO','SI','FEMENINO','ADULTEZ 29 - 59','Colombia','NO',1
'SI','NO','NO','INACTIVO','JUICIO',2015,2015,2015,'Ley 906','Colombia','Risaralda','PEREIRA','DIRECCIÓN SECCIONAL DE RISARALDA','HURTO','HURTO. ART. 239 C.P. AGRAVADO POR LA DESTREZA ART. 241 C.P. N.10','SI','NO','NO','SI','SI','FEMENINO','SIN DATO','Colombia','NO',1
'SI','NO','NO','INACTIVO','INDAGACIÓN',2016,2016,2016,'Ley 906','Colombia','Risaralda','PEREIRA','DIRECCIÓN SECCIONAL DE RISARALDA','VIOLENCIA INTRAFAMILIAR','VIOLENCIA INTRAFAMILIAR ART. 229 C.P.','NO','NO','NO','NO','SI','MASCULINO','ADULTEZ 29 - 59','Colombia','NO',3
'SI','NO','NO','INACTIVO','INDAGACIÓN',2010,2010,2010,'Ley 906','Colombia','Risaralda','PEREIRA','DIRECCIÓN SECCIONAL DE RISARALDA','CONSTRENIMIENTO','CONSTREÑIMIENTO ILEGAL ART. 182 C.P.','NO','NO','NO','NO','NO','FEMENINO','ADULTEZ 29 - 59','Colombia','NO',1
'NO','SI','NO','INACTIVO','EJECUCIÓN DE PENAS',2017,2017,2017,'Ley 906','Colombia','Risaralda','PEREIRA','DIRECCIÓN SECCIONAL DE RISARALDA','CONCIERTO PARA DELINQUIR','CONCIERTO PARA DELINQUIR AGRAVADO POR DARSE PARA NARCOTRAFICO ART. 340 C.P. INC.2','SI','SI','NO','SI','NO','MASCULINO','JUVENTUD 18 - 28','Colombia','NO',1
'NO','NO','NO','INACTIVO','INDAGACIÓN',2016,2016,2016,'Ley 906','Colombia','Risaralda','PEREIRA','DIRECCIÓN SECCIONAL DE RISARALDA','CORRUPCION JUDICIAL','PREVARICATO POR OMISION ART. 414 C.P.','NO','NO','SI','NO','NO','FEMENINO','SIN DATO','Colombia','NO',1
'SI','NO','NO','INACTIVO','JUICIO',2019,2019,2019,'Ley 906','Colombia','Risaralda','PEREIRA','DIRECCIÓN SECCIONAL DE RISARALDA','VIOLENCIA INTRAFAMILIAR','VIOLENCIA INTRAFAMILIAR ART. 229 C.P.AGRAVADO POR TRATARSE DE MENOR,MUJER,ANCIANO O DISCAPACITADO','SI','NO','NO','NO','NO','MASCULINO','ADULTEZ 29 - 59','Colombia','NO',1
'SI','NO','NO','ACTIVO','INDAGACIÓN',2015,2015,2015,'Ley 906','Colombia','Risaralda','PEREIRA','DIRECCIÓN SECCIONAL DE RISARALDA','ESTAFA','ESTAFA. ART. 246 C.P.','NO','NO','NO','NO','SI','MASCULINO','ADULTEZ 29 - 59','Colombia','NO',1
'SI','NO','NO','INACTIVO','JUICIO',2016,2016,2016,'Ley 906','Colombia','Risaralda','PEREIRA','DIRECCIÓN SECCIONAL DE RISARALDA','HURTO','HURTO. ART. 239 C.P.','SI','NO','NO','SI','SI','FEMENINO','ADULTEZ 29 - 59','Colombia','NO',1
'SI','NO','NO','INACTIVO','INDAGACIÓN',2012,2012,2012,'Ley 906','Colombia','Risaralda','PEREIRA','DIRECCIÓN SECCIONAL DE RISARALDA','HURTO','HURTO MENOR CUANTIA. ART. 239 C.P. AGRAVADO CUANDO LO HURTADO ES OBJETO EXPUESTO A LA CONFIANZA PUBLICA ART. 241 C.P. N.7','NO','NO','NO','NO','NO','MASCULINO','JUVENTUD 18 - 28','Colombia','NO',1
'SI','NO','NO','INACTIVO','INDAGACIÓN',2017,2017,2017,'Ley 906','Colombia','Risaralda','PEREIRA','DIRECCIÓN SECCIONAL DE RISARALDA','FE PUBLICA','FALSEDAD PERSONAL. ART. 296 C.P.','NO','NO','NO','NO','NO','FEMENINO','SIN DATO','Colombia','NO',1
'SI','NO','NO','ACTIVO','JUICIO',2014,2014,2013,'Ley 906','Colombia','Risaralda','PEREIRA','DIRECCIÓN SECCIONAL DE RISARALDA','CONTRA LA FAMILIA','INASISTENCIA ALIMENTARIA ART. 233 C.P.','SI','NO','NO','SI','NO','MASCULINO','ADULTEZ 29 - 59','Colombia','NO',1
'NO','SI','NO','INACTIVO','EJECUCIÓN DE PENAS',2016,2018,2016,'Ley 906','Colombia','Risaralda','PEREIRA','DIRECCIÓN SECCIONAL DE RISARALDA','ADMINISTRACION PUBLICA','ASOCIACION PARA LA COMISION DE UN DELITO CONTRA LA ADMINISTRACION PUBLICA ART. 434 C.P.','NO','SI','NO','SI','NO','MASCULINO','ADULTEZ 29 - 59','Colombia','NO',1
'SI','NO','NO','INACTIVO','EJECUCIÓN DE PENAS',2017,2017,2016,'Ley 906','Colombia','Risaralda','PEREIRA','DIRECCIÓN SECCIONAL DE RISARALDA','ESTUPEFACIENTES','TRAFICO FABRICACION O PORTE DE ESTUPEFACIENTES ART. 376 C..','SI','SI','NO','SI','NO','MASCULINO','SIN DATO','Colombia','NO',1
'SI','NO','NO','INACTIVO','QUERELLABLE',2011,2011,2011,'Ley 906','Colombia','Risaralda','PEREIRA','DIRECCIÓN SECCIONAL DE RISARALDA','LESIONES PERSONALES','LESIONES PERSONALES CON INCAPACIDAD MENOR 60 DIAS','NO','NO','NO','NO','NO','','ADULTEZ 29 - 59','Colombia','NO',1
'NO','SI','NO','INACTIVO','INVESTIGACIÓN',2013,2015,2013,'Ley 906','Colombia','Risaralda','PEREIRA','DIRECCIÓN SECCIONAL DE RISARALDA','USO DE MENORES DE EDAD','USO DE MENORES DE EDAD LA COMISION DE DELITO ART 188D LEY 1453 DE 2011','SI','NO','NO','NO','NO','MASCULINO','JUVENTUD 18 - 28','Colombia','NO',1
'NO','NO','NO','INACTIVO','INVESTIGACIÓN',2017,2017,2017,'Ley 906','Colombia','Risaralda','PEREIRA','DIRECCIÓN SECCIONAL DE RISARALDA','SEGURIDAD PUBLICA','DISPARO DE ARMA DE FUEGO ART. 356A CP LEY 1453 DE 2011','SI','NO','SI','NO','NO','MASCULINO','ADULTEZ 29 - 59','Colombia','NO',1
'SI','NO','NO','INACTIVO','EJECUCIÓN DE PENAS',2019,2019,2019,'Ley 906','Colombia','Risaralda','PEREIRA','DIRECCIÓN SECCIONAL DE RISARALDA','HURTO','HURTO MENOR CUANTIA. ART. 239 C.P. AGRAVADO POR LA DESTREZA ART. 241 C.P. N.10','SI','SI','NO','NO','SI','MASCULINO','ADULTEZ 29 - 59','Colombia','NO',1
'SI','NO','NO','INACTIVO','QUERELLABLE',2016,2016,2015,'Ley 906','Colombia','Risaralda','PEREIRA','DIRECCIÓN SECCIONAL DE RISARALDA','FE PUBLICA','FALSEDAD PERSONAL. ART. 296 C.P.','NO','NO','NO','NO','NO','FEMENINO','SIN DATO','Colombia','NO',3
'SI','NO','SI','INACTIVO','INDAGACIÓN',2019,2019,2018,'Ley 906','Colombia','Risaralda','PEREIRA','DIRECCIÓN SECCIONAL DE RISARALDA','DELITOS SEXUALES','ACTO SEXUAL VIOLENTO. ART.206 C.P. AGRAVADO ART. 211 N.5. SE REALIZARE SOBRE PARIENTES, CONYUGE,COMPAÑERA O COMPAÑERO PERMANENTES,O PERSONA INTEGRADA A LA UNIDAD DOMESTICA O APROVECHANDO LA CONFIANZA','NO','NO','NO','NO','NO','MASCULINO','ADULTEZ 29 - 59','Colombia','NO',1
'NO','NO','NO','INACTIVO','INDAGACIÓN',2012,2012,2012,'Ley 906','Colombia','Risaralda','PEREIRA','DIRECCIÓN SECCIONAL DE RISARALDA','FE PUBLICA','TRAFICO DE MONEDA FALSIFICADA. ART. 274 C.P.','NO','NO','SI','NO','SI','FEMENINO','ADULTEZ 29 - 59','Colombia','NO',1
'SI','NO','NO','ACTIVO','JUICIO',2019,2019,2019,'Ley 906','Colombia','Risaralda','PEREIRA','DIRECCIÓN SECCIONAL DE RISARALDA','VIOLENCIA INTRAFAMILIAR','VIOLENCIA INTRAFAMILIAR ART. 229 C.P.','SI','NO','NO','SI','SI','FEMENINO','ADULTEZ 29 - 59','Colombia','NO',1
'SI','NO','NO','INACTIVO','INDAGACIÓN',2014,2014,2014,'Ley 1098','Colombia','Risaralda','PEREIRA','DIRECCIÓN SECCIONAL DE RISARALDA','IMPARTICION DE JUSTICIA','FALSA DENUNCIA ART. 435 C.P.','NO','NO','NO','NO','NO','FEMENINO','SIN DATO','Colombia','NO',1
'SI','NO','SI','INACTIVO','INDAGACIÓN',2020,2020,2020,'Ley 906','Colombia','Risaralda','PEREIRA','DIRECCIÓN SECCIONAL DE RISARALDA','VIOLENCIA INTRAFAMILIAR','VIOLENCIA INTRAFAMILIAR ART. 229 C.P.AGRAVADO POR TRATARSE DE MENOR,MUJER,ANCIANO O DISCAPACITADO','NO','NO','NO','NO','NO','MASCULINO','ADULTEZ 29 - 59','','NO',1
'SI','NO','NO','INACTIVO','EJECUCIÓN DE PENAS',2014,2014,2014,'Ley 1098','Colombia','Risaralda','PEREIRA','DIRECCIÓN SECCIONAL DE RISARALDA','FALSEDAD EN DOCUMENTO','FALSEDAD EN DOCUMENTOS','SI','NO','NO','NO','NO','MASCULINO','ADOLESCENTE 14 - 17','Colombia','NO',1
'SI','NO','NO','ACTIVO','INDAGACIÓN',2014,2014,2014,'Ley 906','Colombia','Risaralda','PEREIRA','DIRECCIÓN SECCIONAL DE RISARALDA','FALSEDAD EN DOCUMENTO','FALSEDAD MATERIAL EN DOCUMENTO PUBLICO. ART. 287 C.P.','NO','NO','NO','NO','NO','FEMENINO','SIN DATO','Colombia','NO',2
'SI','NO','NO','ACTIVO','INDAGACIÓN',2010,2010,2010,'Ley 906','Colombia','Risaralda','PEREIRA','DIRECCIÓN SECCIONAL DE RISARALDA','HURTO','HURTO. ART. 239 C.P.','NO','NO','NO','NO','NO','MASCULINO','JUVENTUD 18 - 28','Colombia','NO',1
'NO','NO','NO','INACTIVO','INDAGACIÓN',2013,2013,2013,'Ley 906','Colombia','Risaralda','PEREIRA','DIRECCIÓN SECCIONAL DE RISARALDA','IMPARTICION DE JUSTICIA','FALSA DENUNCIA ART. 435 C.P.','NO','NO','SI','NO','NO','','SIN DATO','Colombia','NO',1
'NO','NO','NO','INACTIVO','INDAGACIÓN',2012,2012,2012,'Ley 906','Colombia','Risaralda','PEREIRA','DIRECCIÓN SECCIONAL DE RISARALDA','AMENAZAS','AMENAZAS ART. 347 C.P.','NO','NO','SI','NO','NO','FEMENINO','JUVENTUD 18 - 28','Colombia','NO',1
'SI','NO','NO','INACTIVO','INVESTIGACIÓN',2011,2011,2010,'Ley 906','Colombia','Risaralda','PEREIRA','DIRECCIÓN SECCIONAL DE RISARALDA','IMPARTICION DE JUSTICIA','FALSA DENUNCIA ART. 435 C.P.','SI','NO','NO','NO','NO','MASCULINO','ADULTEZ 29 - 59','Colombia','NO',1
'SI','NO','NO','INACTIVO','INVESTIGACIÓN',2010,2010,2010,'Ley 906','Colombia','Risaralda','PEREIRA','DIRECCIÓN SECCIONAL DE RISARALDA','CONTRA LA FAMILIA','INASISTENCIA ALIMENTARIA ART. 233 C.P.','SI','NO','NO','NO','NO','FEMENINO','ADULTEZ 29 - 59','Colombia','NO',1
'SI','NO','NO','ACTIVO','JUICIO',2020,2020,2020,'Ley 906','Colombia','Risaralda','PEREIRA','DIRECCIÓN SECCIONAL DE RISARALDA','HURTO','HURTO CALIFICADO DE AUTOMOTOR MENOR CUANTIA  ART. 240 C.P.  AGRAVADO POR LA DESTREZA ART. 241 C.P. N.10','SI','NO','NO','NO','SI','MASCULINO','ADULTEZ 29 - 59','Colombia','NO',1
'SI','NO','NO','INACTIVO','INDAGACIÓN',2013,2013,2013,'Ley 906','Colombia','Risaralda','PEREIRA','DIRECCIÓN SECCIONAL DE RISARALDA','INJURIA Y CALUMNIA','CALUMNIA. ART. 221 C.P.','NO','NO','NO','NO','NO','','ADULTEZ 29 - 59','Colombia','NO',1
'NO','NO','NO','INACTIVO','INDAGACIÓN',2016,2016,2013,'Ley 906','Colombia','Risaralda','PEREIRA','DIRECCIÓN SECCIONAL DE RISARALDA','AMENAZAS','AMENAZAS ART. 347 C.P.','NO','NO','SI','NO','NO','FEMENINO','SIN DATO','Colombia','NO',1
'SI','NO','NO','ACTIVO','INDAGACIÓN',2017,2017,2017,'Ley 906','Colombia','Risaralda','PEREIRA','DIRECCIÓN SECCIONAL DE CALI','ESTUPEFACIENTES','TRAFICO FABRICACION O PORTE DE ESTUPEFACIENTES ART. 376 C..','NO','NO','NO','NO','SI','MASCULINO','ADULTO MAYOR DE 60','Colombia','NO',1
'SI','NO','NO','INACTIVO','EJECUCIÓN DE PENAS',2012,2012,2012,'Ley 906','Colombia','Risaralda','PEREIRA','DIRECCIÓN SECCIONAL DE RISARALDA','HURTO','HURTO CALIFICADO ART. 240 C.P. MENOR CUANTIA','SI','SI','NO','SI','SI','FEMENINO','ADULTO MAYOR DE 60','Colombia','NO',1
'NO','NO','NO','INACTIVO','QUERELLABLE',2011,2011,2011,'Ley 906','Colombia','Risaralda','PEREIRA','DIRECCIÓN SECCIONAL DE RISARALDA','PATRIMONIO ECONOMICO','USURPACION DE TIERRAS. ART. 261 C.P.','NO','NO','SI','NO','NO','','SIN DATO','Colombia','NO',1
'SI','NO','NO','INACTIVO','EJECUCIÓN DE PENAS',2017,2017,2017,'Ley 906','Colombia','Risaralda','PEREIRA','DIRECCIÓN SECCIONAL DE RISARALDA','HURTO','HURTO MENOR CUANTIA. ART. 239 C.P. AGRAVADO POR LA CONFIANZA ART. 241 C.P. N.2','SI','SI','NO','SI','NO','MASCULINO','SIN DATO','Colombia','NO',1
'SI','NO','NO','INACTIVO','EJECUCIÓN DE PENAS',2010,2010,2010,'Ley 906','Colombia','Risaralda','PEREIRA','DIRECCIÓN SECCIONAL DE RISARALDA','HURTO','HURTO CALIFICADO ART. 240 C.P.  AGRAVADO CUANDO LO HURTADO ES OBJETO EXPUESTO A LA CONFIANZA PUBLICA ART. 241 C.P. N.7','SI','SI','NO','NO','SI','','SIN DATO','Colombia','NO',1
'SI','NO','NO','INACTIVO','EJECUCIÓN DE PENAS',2016,2016,2016,'Ley 906','Colombia','Risaralda','PEREIRA','DIRECCIÓN SECCIONAL DE RISARALDA','HURTO','HURTO CALIFICADO ART. 240 C.P.  AGRAVADO POR LA DESTREZA ART. 241 C.P. N.10','SI','SI','NO','NO','SI','MASCULINO','ADULTEZ 29 - 59','Colombia','NO',1
'SI','NO','NO','INACTIVO','JUICIO',2017,2017,2017,'Ley 1098','Colombia','Risaralda','PEREIRA','DIRECCIÓN SECCIONAL DE RISARALDA','VIOLENCIA INTRAFAMILIAR','VIOLENCIA INTRAFAMILIAR ART. 229 C.P.','SI','NO','NO','SI','SI','MASCULINO','ADOLESCENTE 14 - 17','Colombia','NO',1
'SI','NO','NO','INACTIVO','INDAGACIÓN',2016,2016,2016,'Ley 906','Colombia','Risaralda','PEREIRA','DIRECCIÓN SECCIONAL DE RISARALDA','LESIONES PERSONALES CULPOSAS','LESIONES CULPOSAS ART. 120 C.P. MEDIO MOTORIZADO INCISO 2','NO','NO','NO','NO','NO','MASCULINO','ADULTEZ 29 - 59','Argentina','NO',1
'SI','NO','NO','ACTIVO','JUICIO',2010,2010,2010,'Ley 906','Colombia','Risaralda','PEREIRA','DIRECCIÓN ESPECIALIZADA CONTRA LAS VIOLACIONES A LOS DERECHOS HUMANOS','TRATA DE PERSONAS','TRATA DE PERSONAS ART. 188A C.P.','SI','NO','NO','NO','SI','','SIN DATO','Colombia','NO',1
'SI','NO','NO','INACTIVO','EJECUCIÓN DE PENAS',2013,2013,2013,'Ley 906','Colombia','Risaralda','PEREIRA','DIRECCIÓN SECCIONAL DE RISARALDA','HURTO','HURTO ART. 239 C.P. MENOR CUANTIA','SI','SI','NO','SI','NO','MASCULINO','ADULTEZ 29 - 59','Colombia','NO',1
'SI','NO','NO','INACTIVO','INVESTIGACIÓN',2010,2010,2010,'Ley 906','Colombia','Risaralda','PEREIRA','DIRECCIÓN SECCIONAL DE RISARALDA','HOMICIDIO DOLOSO','HOMICIDIO ART. 103 C.P.','SI','NO','NO','NO','NO','','SIN DATO','Colombia','SI',1
'SI','NO','NO','INACTIVO','EJECUCIÓN DE PENAS',2013,2013,2012,'Ley 906','Colombia','Risaralda','PEREIRA','DIRECCIÓN SECCIONAL DE RISARALDA','DELITOS SEXUALES','ACCESO CARNAL ABUSIVO CON MENOR DE CATORCE AÑOS. ART. 208 C.P.','SI','SI','NO','SI','SI','MASCULINO','ADULTEZ 29 - 59','','NO',1
'SI','NO','NO','INACTIVO','JUICIO',2014,2014,2014,'Ley 906','Colombia','Risaralda','PEREIRA','DIRECCIÓN SECCIONAL DE RISARALDA','LIBERTAD INDIVIDUAL Y OTRAS GARANTIAS','VIOLACION DE HABITACION AJENA. ART. 189 C.P.','SI','NO','NO','SI','NO','MASCULINO','ADULTEZ 29 - 59','Colombia','NO',1
'SI','NO','NO','INACTIVO','EJECUCIÓN DE PENAS',2014,2014,2014,'Ley 906','Colombia','Risaralda','PEREIRA','DIRECCIÓN SECCIONAL DE RISARALDA','CONTRA LA FAMILIA','INASISTENCIA ALIMENTARIA ART. 233 C.P.','SI','SI','NO','NO','NO','MASCULINO','ADULTEZ 29 - 59','Colombia','NO',1
'NO','NO','NO','INACTIVO','INDAGACIÓN',2010,2010,2010,'Ley 906','Colombia','Risaralda','PEREIRA','DIRECCIÓN SECCIONAL DE RISARALDA','PATRIMONIO ECONOMICO','DAÑO EN BIEN AJENO. ART. 265 C.P.','NO','NO','SI','NO','NO','FEMENINO','SIN DATO','Colombia','NO',1
'NO','SI','NO','ACTIVO','JUICIO',2018,2020,2018,'Ley 906','Colombia','Risaralda','PEREIRA','DIRECCIÓN SECCIONAL DE RISARALDA','ESTUPEFACIENTES','TRAFICO FABRICACION O PORTE DE ESTUPEFACIENTES ART. 376 C..','SI','NO','NO','NO','SI','MASCULINO','JUVENTUD 18 - 28','Colombia','NO',1
'SI','NO','NO','INACTIVO','EJECUCIÓN DE PENAS',2013,2013,2013,'Ley 906','Colombia','Risaralda','PEREIRA','DIRECCIÓN SECCIONAL DE RISARALDA','FABRICACION,TRAFICO Y PORTE DE ARMAS','FABRICACION,TRAFICO Y PORTE DE ARMAS DE FUEGO O MUNICIONES POR ALMACENAMIENTO ART. 365 C.P.','SI','SI','NO','SI','SI','FEMENINO','JUVENTUD 18 - 28','Colombia','NO',1
'SI','NO','NO','ACTIVO','JUICIO',2019,2019,2019,'Ley 906','Colombia','Risaralda','PEREIRA','DIRECCIÓN SECCIONAL DE RISARALDA','VIOLENCIA INTRAFAMILIAR','VIOLENCIA INTRAFAMILIAR ART. 229 C.P.AGRAVADO POR TRATARSE DE MENOR,MUJER,ANCIANO O DISCAPACITADO','SI','NO','NO','NO','NO','FEMENINO','JUVENTUD 18 - 28','Colombia','NO',1
'NO','NO','NO','INACTIVO','INDAGACIÓN',2011,2011,2011,'Ley 906','Colombia','Risaralda','PEREIRA','DIRECCIÓN SECCIONAL DE RISARALDA','LESIONES PERSONALES CULPOSAS','LESIONES CULPOSAS ART. 120 C.P. INCISO 1','NO','NO','SI','NO','NO','MASCULINO','JUVENTUD 18 - 28','Colombia','NO',1
'SI','NO','NO','INACTIVO','JUICIO',2011,2011,2011,'Ley 906','Colombia','Risaralda','PEREIRA','DIRECCIÓN SECCIONAL DE RISARALDA','HOMICIDIO DOLOSO','HOMICIDIO ART. 103 C.P.','SI','NO','NO','SI','SI','MASCULINO','ADOLESCENTE 14 - 17','Colombia','NO',1
'SI','NO','NO','INACTIVO','INDAGACIÓN',2010,2010,2010,'Ley 906','Colombia','Risaralda','PEREIRA','DIRECCIÓN SECCIONAL DE RISARALDA','CORRUPCION ADMINISTRATIVA','ENRIQUECIMIENTO ILICITO ART. 412 C.P.','NO','NO','NO','NO','NO','FEMENINO','SIN DATO','','NO',1
'SI','NO','NO','ACTIVO','INDAGACIÓN',2020,2020,2019,'Ley 906','Colombia','Risaralda','PEREIRA','DIRECCIÓN SECCIONAL DE RISARALDA','IMPARTICION DE JUSTICIA','FUGA DE PRESOS ART. 448 C.P.','NO','NO','NO','NO','NO','FEMENINO','JUVENTUD 18 - 28','Colombia','NO',1
'SI','NO','NO','INACTIVO','JUICIO',2013,2013,2013,'Ley 906','Colombia','Risaralda','PEREIRA','DIRECCIÓN SECCIONAL DE RISARALDA','FABRICACION,TRAFICO Y PORTE DE ARMAS','FABRICACION,TRAFICO Y PORTE DE USO PRIVATIVO DE LAS FUERZAS ARMADAS POR TRAFICO ART. 366 C.P.','SI','NO','NO','SI','SI','MASCULINO','JUVENTUD 18 - 28','Colombia','NO',1
'SI','NO','NO','INACTIVO','INDAGACIÓN',2019,2019,2019,'Ley 906','Colombia','Risaralda','PEREIRA','DIRECCIÓN SECCIONAL DE RISARALDA','HURTO','HURTO MENOR CUANTIA. ART. 239 C.P. AGRAVADO POR ESTABLECIMIENTO PUBLICO ART. 241 C.P. N.11','NO','NO','NO','NO','NO','MASCULINO','ADULTEZ 29 - 59','Venezuela','NO',1
'NO','NO','NO','INACTIVO','INDAGACIÓN',2013,2013,2013,'Ley 1098','Colombia','Risaralda','PEREIRA','DIRECCIÓN SECCIONAL DE RISARALDA','DELITOS SEXUALES','ACTOS SEXUALES CON MENOR DE CATORCE AÑOS. ART. 209 C.P.','NO','NO','SI','NO','NO','MASCULINO','ADOLESCENTE 14 - 17','Colombia','NO',1
'NO','NO','NO','INACTIVO','INDAGACIÓN',2013,2013,2013,'Ley 906','Colombia','Risaralda','PEREIRA','DIRECCIÓN SECCIONAL DE RISARALDA','FALSEDAD EN DOCUMENTO','DESTRUCCION,SUPRESION U OCULTAMIENTO DE DOCUMENTO PUBLICO. ART. 292 C.P.','NO','NO','SI','NO','NO','MASCULINO','ADULTO MAYOR DE 60','Colombia','NO',1
'SI','NO','NO','ACTIVO','INVESTIGACIÓN',2017,2017,2017,'Ley 906','Colombia','Risaralda','PEREIRA','DIRECCIÓN SECCIONAL DE RISARALDA','HURTO','HURTO MENOR CUANTIA. ART. 239 C.P. AGRAVADO POR ESTABLECIMIENTO PUBLICO ART. 241 C.P. N.11','NO','NO','NO','NO','NO','MASCULINO','ADULTEZ 29 - 59','Colombia','NO',1
'SI','NO','NO','INACTIVO','JUICIO',2014,2014,2013,'Ley 906','Colombia','Risaralda','PEREIRA','DIRECCIÓN SECCIONAL DE RISARALDA','DELITOS SEXUALES','ACCESO CARNAL ABUSIVO CON MENOR DE CATORCE AÑOS ART.208 C.P. AGRAVADO ART. 211 N.6 . SE PRODUJERE EMBARAZO','SI','NO','NO','SI','NO','','JUVENTUD 18 - 28','Colombia','NO',1
'SI','NO','NO','ACTIVO','JUICIO',2014,2014,2014,'Ley 906','Colombia','Risaralda','PEREIRA','DIRECCIÓN SECCIONAL DE RISARALDA','ESTUPEFACIENTES','TRAFICO FABRICACION O PORTE DE ESTUPEFACIENTES ART. 376 C..','SI','NO','NO','SI','NO','MASCULINO','SIN DATO','','NO',1
'SI','NO','NO','INACTIVO','JUICIO',2012,2012,2012,'Ley 906','Colombia','Risaralda','PEREIRA','DIRECCIÓN SECCIONAL DE RISARALDA','ESTUPEFACIENTES','TRAFICO FABRICACION O PORTE DE ESTUPEFACIENTES ART. 376 C. AGRAVADO N.1 ART. 384 C.P.','SI','NO','NO','SI','SI','','SIN DATO','Colombia','NO',1
'NO','SI','NO','INACTIVO','JUICIO',2014,2017,2014,'Ley 906','Colombia','Risaralda','PEREIRA','DIRECCIÓN SECCIONAL DE RISARALDA','HURTO','HURTO CALIFICADO ART. 240 C.P. MENOR CUANTIA','SI','NO','NO','SI','NO','MASCULINO','ADULTEZ 29 - 59','Colombia','NO',1
'SI','NO','NO','INACTIVO','JUICIO',2014,2014,2014,'Ley 906','Colombia','Risaralda','PEREIRA','DIRECCIÓN SECCIONAL DE RISARALDA','HURTO','HURTO. ART. 239 C.P. AGRAVADO POR LA DESTREZA ART. 241 C.P. N.10','SI','NO','NO','SI','SI','MASCULINO','JUVENTUD 18 - 28','Colombia','NO',1
'SI','NO','NO','ACTIVO','INDAGACIÓN',2019,2019,2019,'Ley 906','Colombia','Risaralda','PEREIRA','DIRECCIÓN SECCIONAL DE RISARALDA','DELITOS SEXUALES','ACCESO CARNAL VIOLENTO. ART. 205 C.P. AGRAVADO ART. 211 N.5. SE REALIZARE SOBRE PARIENTES , CONYUGE ,COMPAÑERA O COMPAÑERO PERMANENTES,O PERSONA INTEGRADA A LA UNIDAD DOMESTICA','NO','NO','NO','NO','NO','MASCULINO','JUVENTUD 18 - 28','Colombia','NO',1
'SI','NO','NO','INACTIVO','INDAGACIÓN',2016,2016,2016,'Ley 906','Colombia','Risaralda','PEREIRA','DIRECCIÓN SECCIONAL DE RISARALDA','LESIONES PERSONALES','LESIONES ART. 111 C.P.','SI','NO','NO','NO','SI','MASCULINO','ADULTEZ 29 - 59','Colombia','NO',1
'SI','NO','NO','INACTIVO','INDAGACIÓN',2010,2010,2010,'Ley 1098','Colombia','Risaralda','PEREIRA','DIRECCIÓN SECCIONAL DE RISARALDA','HURTO','HURTO. ART. 239 C.P.','NO','NO','NO','NO','NO','MASCULINO','JUVENTUD 18 - 28','Colombia','NO',1
'SI','NO','NO','INACTIVO','JUICIO',2014,2014,2013,'Ley 906','Colombia','Risaralda','PEREIRA','DIRECCIÓN SECCIONAL DE RISARALDA','PATRIMONIO ECONOMICO','ABUSO DE CONDICIONES DE INFERIORIDAD. ART. 251 C.P. MENOR CUANTIA','SI','NO','NO','SI','NO','MASCULINO','ADULTEZ 29 - 59','Colombia','NO',1
'NO','NO','NO','INACTIVO','INDAGACIÓN',2019,2019,2019,'Ley 906','Colombia','Risaralda','PEREIRA','DIRECCIÓN SECCIONAL DE RISARALDA','ESTAFA','ESTAFA. ART. 246 C.P.','NO','NO','SI','NO','NO','FEMENINO','SIN DATO','Colombia','NO',1
'SI','NO','NO','ACTIVO','INDAGACIÓN',2019,2019,2017,'Ley 906','Colombia','Risaralda','PEREIRA','DIRECCIÓN SECCIONAL DE RISARALDA','CONTRA LA FAMILIA','INASISTENCIA ALIMENTARIA ART. 233 C.P.','NO','NO','NO','NO','NO','FEMENINO','ADULTEZ 29 - 59','','NO',1
'NO','NO','NO','INACTIVO','INDAGACIÓN',2015,2015,2011,'Ley 906','Colombia','Risaralda','PEREIRA','DIRECCIÓN SECCIONAL DE RISARALDA','FALSEDAD EN DOCUMENTO','FALSEDAD EN DOCUMENTO PRIVADO. ART. 289 C.P.','NO','NO','SI','NO','NO','MASCULINO','SIN DATO','Colombia','NO',1
'SI','NO','NO','INACTIVO','INVESTIGACIÓN',2010,2010,2010,'Ley 906','Colombia','Risaralda','PEREIRA','DIRECCIÓN SECCIONAL DE RISARALDA','ESTAFA','ESTAFA. ART. 246 C.P. MENOR CUANTIA','SI','NO','NO','NO','NO','','SIN DATO','Colombia','NO',1
'NO','NO','NO','INACTIVO','QUERELLABLE',2017,2017,2016,'Ley 906','Colombia','Risaralda','PEREIRA','DIRECCIÓN SECCIONAL DE RISARALDA','INJURIA Y CALUMNIA','CALUMNIA. ART. 221 C.P.','NO','NO','SI','NO','NO','FEMENINO','SIN DATO','Colombia','NO',1
'NO','NO','NO','INACTIVO','QUERELLABLE',2011,2011,2011,'Ley 906','Colombia','Risaralda','PEREIRA','DIRECCIÓN SECCIONAL DE RISARALDA','HURTO','HURTO ART. 239 C.P. MENOR CUANTIA','NO','NO','SI','NO','NO','MASCULINO','ADULTEZ 29 - 59','','NO',1
'NO','SI','NO','ACTIVO','JUICIO',2018,2018,2018,'Ley 906','Colombia','Risaralda','PEREIRA','DIRECCIÓN SECCIONAL DE RISARALDA','ORDEN ECONOMICO SOCIAL','EXPORTACION O IMPORTACION FICTICIA ART. 310 C.P.','NO','NO','NO','SI','NO','MASCULINO','SIN DATO','Colombia','NO',1
'SI','NO','NO','INACTIVO','INDAGACIÓN',2013,2013,2013,'Ley 906','Colombia','Risaralda','PEREIRA','DIRECCIÓN SECCIONAL DE RISARALDA','CONCIERTO PARA DELINQUIR','CONCIERTO PARA DELINQUIR ART. 340 C.P.','NO','NO','NO','NO','NO','','SIN DATO','Colombia','NO',1
'NO','NO','NO','INACTIVO','INDAGACIÓN',2016,2016,2012,'Ley 906','Colombia','Risaralda','PEREIRA','DIRECCIÓN SECCIONAL DE RISARALDA','ESTAFA','ESTAFA. ART. 246 C.P. MAYOR CUANTIA','NO','NO','SI','NO','NO','MASCULINO','SIN DATO','Colombia','NO',1
'NO','NO','NO','INACTIVO','QUERELLABLE',2013,2013,2013,'Ley 906','Colombia','Risaralda','PEREIRA','DIRECCIÓN SECCIONAL DE RISARALDA','INJURIA Y CALUMNIA','CALUMNIA. ART. 221 C.P.','NO','NO','SI','NO','NO','FEMENINO','ADULTEZ 29 - 59','Colombia','NO',1
'SI','NO','NO','INACTIVO','INDAGACIÓN',2010,2010,2010,'Ley 906','Colombia','Risaralda','PEREIRA','DIRECCIÓN SECCIONAL DE RISARALDA','DELITOS SEXUALES','ACCESO CARNAL VIOLENTO. ART. 205 C.P.','NO','NO','NO','NO','NO','','JUVENTUD 18 - 28','Colombia','NO',1
'SI','NO','NO','INACTIVO','INDAGACIÓN',2015,2015,2015,'Ley 906','Colombia','Risaralda','PEREIRA','DIRECCIÓN SECCIONAL DE RISARALDA','LESIONES PERSONALES','LESIONES ART. 111 C.P.','NO','NO','NO','NO','NO','MASCULINO','SIN DATO','Colombia','NO',400
'NO','NO','NO','INACTIVO','JUICIO',2017,2017,2017,'Ley 906','Colombia','Risaralda','PEREIRA','DIRECCIÓN SECCIONAL DE RISARALDA','ESTUPEFACIENTES','TRAFICO FABRICACION O PORTE DE ESTUPEFACIENTES ART. 376 C..','SI','NO','SI','SI','SI','MASCULINO','ADULTEZ 29 - 59','Colombia','NO',22
'SI','NO','NO','INACTIVO','INDAGACIÓN',2018,2018,2018,'Ley 906','Colombia','Risaralda','PEREIRA','DIRECCIÓN SECCIONAL DE RISARALDA','INJURIA Y CALUMNIA','CALUMNIA. ART. 221 C.P.','NO','NO','NO','NO','NO','MASCULINO','SIN DATO','Colombia','NO',7
'SI','NO','NO','INACTIVO','EJECUCIÓN DE PENAS',2016,2016,2016,'Ley 906','Colombia','Risaralda','PEREIRA','DIRECCIÓN SECCIONAL DE RISARALDA','HURTO','HURTO. ART. 239 C.P.','SI','SI','NO','SI','SI','MASCULINO','SIN DATO','Colombia','NO',4
'SI','NO','NO','ACTIVO','JUICIO',2012,2012,2012,'Ley 906','Colombia','Risaralda','PEREIRA','DIRECCION ESPECIALIZADA CONTRA LA CORRUPCIÓN','CORRUPCION JUDICIAL','PREVARICATO POR ACCION ART. 413 C.P.','SI','NO','NO','SI','NO','FEMENINO','SIN DATO','Colombia','NO',1
'NO','NO','NO','INACTIVO','INDAGACIÓN',2012,2012,2012,'Ley 906','Colombia','Risaralda','PEREIRA','DIRECCIÓN SECCIONAL DE RISARALDA','CORRUPCION JUDICIAL','PREVARICATO POR OMISION ART. 414 C.P.','NO','NO','SI','NO','NO','MASCULINO','SIN DATO','Colombia','NO',5
'SI','NO','NO','INACTIVO','JUICIO',2019,2019,2019,'Ley 906','Colombia','Risaralda','PEREIRA','DIRECCIÓN SECCIONAL DE RISARALDA','VIOLENCIA INTRAFAMILIAR','VIOLENCIA INTRAFAMILIAR ART. 229 C.P.','SI','NO','NO','NO','NO','MASCULINO','ADULTEZ 29 - 59','Colombia','NO',10
'NO','NO','NO','INACTIVO','INDAGACIÓN',2012,2012,2012,'Ley 906','Colombia','Risaralda','PEREIRA','DIRECCIÓN SECCIONAL DE RISARALDA','ESTAFA','ESTAFA. ART. 246 C.P. MENOR CUANTIA','NO','NO','SI','NO','NO','FEMENINO','SIN DATO','Colombia','NO',3
'SI','NO','NO','INACTIVO','QUERELLABLE',2013,2013,2012,'Ley 906','Colombia','Risaralda','PEREIRA','DIRECCIÓN SECCIONAL DE RISARALDA','LESIONES PERSONALES','LESIONES ART. 111 C.P.','NO','NO','NO','NO','NO','MASCULINO','JUVENTUD 18 - 28','Colombia','NO',2
'SI','NO','NO','ACTIVO','JUICIO',2020,2020,2020,'Ley 906','Colombia','Risaralda','PEREIRA','DIRECCIÓN SECCIONAL DE RISARALDA','VIOLENCIA INTRAFAMILIAR','VIOLENCIA INTRAFAMILIAR ART. 229 C.P.','SI','NO','NO','NO','NO','MASCULINO','JUVENTUD 18 - 28','Venezuela','NO',1
'SI','NO','NO','INACTIVO','EJECUCIÓN DE PENAS',2010,2010,2010,'Ley 906','Colombia','Risaralda','PEREIRA','DIRECCIÓN SECCIONAL DE RISARALDA','HURTO','HURTO CALIFICADO ART. 240 C.P.  AGRAVADO CUANDO LO HURTADO ES OBJETO EXPUESTO A LA CONFIANZA PUBLICA ART. 241 C.P. N.7','SI','SI','NO','SI','SI','MASCULINO','JUVENTUD 18 - 28','Colombia','NO',2
'SI','NO','NO','INACTIVO','INDAGACIÓN',2010,2010,2010,'Ley 906','Colombia','Risaralda','PEREIRA','DIRECCIÓN SECCIONAL DE RISARALDA','PATRIMONIO ECONOMICO','DAÑO EN BIEN AJENO. ART. 265 C.P.','NO','NO','NO','NO','NO','','SIN DATO','Colombia','NO',11
'NO','NO','NO','INACTIVO','INDAGACIÓN',2016,2016,2015,'Ley 906','Colombia','Risaralda','PEREIRA','DIRECCIÓN SECCIONAL DE RISARALDA','CONSTRENIMIENTO','CONSTREÑIMIENTO ILEGAL ART. 182 C.P.','NO','NO','SI','NO','NO','MASCULINO','ADULTO MAYOR DE 60','Colombia','NO',1
'SI','NO','SI','INACTIVO','INDAGACIÓN',2016,2016,2016,'Ley 906','Colombia','Risaralda','PEREIRA','DIRECCIÓN SECCIONAL DE RISARALDA','ESTAFA','ESTAFA. ART. 246 C.P.','NO','NO','NO','NO','NO','MASCULINO','SIN DATO','Colombia','NO',10
'SI','NO','NO','INACTIVO','EJECUCIÓN DE PENAS',2015,2015,2015,'Ley 906','Colombia','Risaralda','PEREIRA','DIRECCIÓN SECCIONAL DE RISARALDA','CONCIERTO PARA DELINQUIR','CONCIERTO PARA DELINQUIR AGRAVADO POR DARSE PARA NARCOTRAFICO ART. 340 C.P. INC.2','SI','NO','NO','NO','SI','MASCULINO','JUVENTUD 18 - 28','Colombia','NO',7
'NO','SI','NO','INACTIVO','EJECUCIÓN DE PENAS',2012,2012,2012,'Ley 906','Colombia','Risaralda','PEREIRA','DIRECCIÓN SECCIONAL DE RISARALDA','HURTO','HURTO CALIFICADO MENOR CUANTIA ART. 240 C.P.  AGRAVADO POR LA DESTREZA ART. 241 C.P. N.10','SI','SI','NO','SI','SI','MASCULINO','JUVENTUD 18 - 28','Colombia','NO',2
'SI','NO','NO','INACTIVO','INDAGACIÓN',2011,2011,2011,'Ley 906','Colombia','Risaralda','PEREIRA','DIRECCIÓN SECCIONAL DE RISARALDA','VIOLENCIA INTRAFAMILIAR','VIOLENCIA INTRAFAMILIAR ART. 229 C.P.','NO','NO','NO','NO','NO','MASCULINO','ADULTO MAYOR DE 60','Colombia','NO',15
'SI','NO','NO','INACTIVO','QUERELLABLE',2012,2012,2012,'Ley 906','Colombia','Risaralda','PEREIRA','DIRECCIÓN SECCIONAL DE RISARALDA','PATRIMONIO ECONOMICO','ALZAMIENTO DE BIENES. ART. 253 C.P.','NO','NO','NO','NO','NO','MASCULINO','SIN DATO','Colombia','NO',3
'SI','NO','NO','INACTIVO','EJECUCIÓN DE PENAS',2017,2017,2017,'Ley 906','Colombia','Risaralda','PEREIRA','DIRECCIÓN SECCIONAL DE RISARALDA','USO DE MENORES DE EDAD','USO DE MENORES DE EDAD LA COMISION DE DELITO ART 188D LEY 1453 DE 2011','SI','NO','NO','SI','SI','FEMENINO','ADULTEZ 29 - 59','Colombia','NO',2
'NO','NO','NO','INACTIVO','INDAGACIÓN',2013,2013,2013,'Ley 906','Colombia','Risaralda','PEREIRA','DIRECCIÓN SECCIONAL DE RISARALDA','FALSEDAD EN DOCUMENTO','FALSEDAD MATERIAL EN DOCUMENTO PUBLICO. ART. 287 C.P.','NO','NO','SI','NO','NO','MASCULINO','ADULTEZ 29 - 59','Colombia','NO',1
'SI','NO','NO','INACTIVO','QUERELLABLE',2017,2017,2017,'Ley 906','Colombia','Risaralda','PEREIRA','DIRECCIÓN SECCIONAL DE RISARALDA','LESIONES PERSONALES CULPOSAS','LESIONES CULPOSAS ART. 120 C.P. INCISO 1','NO','NO','NO','NO','NO','MASCULINO','SIN DATO','','NO',6
'SI','NO','NO','INACTIVO','INDAGACIÓN',2013,2013,2013,'Ley 906','Colombia','Risaralda','PEREIRA','DIRECCIÓN SECCIONAL DE RISARALDA','ESTAFA','ESTAFA. ART. 246 C.P.','NO','NO','NO','NO','NO','FEMENINO','SIN DATO','Colombia','NO',2
'SI','NO','NO','INACTIVO','EJECUCIÓN DE PENAS',2014,2014,2014,'Ley 906','Colombia','Risaralda','PEREIRA','DIRECCIÓN SECCIONAL DE BOGOTÁ','FALSEDAD EN DOCUMENTO','FALSEDAD MATERIAL EN DOCUMENTO PUBLICO. ART. 287 C.P.','NO','SI','NO','SI','NO','MASCULINO','SIN DATO','Colombia','NO',1
'SI','NO','NO','ACTIVO','INDAGACIÓN',2017,2017,2017,'Ley 906','Colombia','Risaralda','PEREIRA','DIRECCIÓN SECCIONAL DE RISARALDA','CONCIERTO PARA DELINQUIR','CONCIERTO PARA DELINQUIR ART. 340 C.P.','NO','NO','NO','NO','NO','MASCULINO','ADULTEZ 29 - 59','Colombia','NO',1
'SI','NO','NO','INACTIVO','INDAGACIÓN',2010,2010,2010,'Ley 906','Colombia','Risaralda','PEREIRA','DIRECCIÓN SECCIONAL DE RISARALDA','ADMINISTRACION PUBLICA','VIOLENCIA CONTRA SERVIDOR PUBLICO ART. 429 C.P.','NO','NO','NO','NO','NO','MASCULINO','ADULTEZ 29 - 59','Colombia','NO',2
'NO','NO','NO','INACTIVO','INDAGACIÓN',2014,2014,2013,'Ley 906','Colombia','Risaralda','PEREIRA','DIRECCIÓN SECCIONAL DE RISARALDA','CONTRA LA FAMILIA','INASISTENCIA ALIMENTARIA ART. 233 C.P.','NO','NO','SI','NO','NO','MASCULINO','ADULTEZ 29 - 59','Colombia','NO',11
'SI','NO','NO','INACTIVO','INDAGACIÓN',2017,2017,2017,'Ley 906','Colombia','Risaralda','PEREIRA','DIRECCIÓN SECCIONAL DE RISARALDA','LESIONES PERSONALES CULPOSAS','LESIONES CULPOSAS ART. 120 C.P. INCISO 1','NO','NO','NO','NO','NO','MASCULINO','JUVENTUD 18 - 28','Colombia','NO',2
'NO','NO','NO','INACTIVO','INDAGACIÓN',2012,2012,2012,'Ley 906','Colombia','Risaralda','PEREIRA','DIRECCIÓN SECCIONAL DE RISARALDA','CORRUPCION JUDICIAL','FALSO TESTIMONIO ART. 442 C.P.','NO','NO','SI','NO','NO','','SIN DATO','Colombia','NO',5
'SI','NO','NO','INACTIVO','EJECUCIÓN DE PENAS',2011,2011,2011,'Ley 906','Colombia','Risaralda','PEREIRA','DIRECCIÓN SECCIONAL DE RISARALDA','DELITOS SEXUALES','ACTOS SEXUALES CON MENOR DE CATORCE AÑOS. ART. 209 C.P.','SI','SI','NO','SI','SI','','SIN DATO','Colombia','NO',3
'SI','NO','NO','ACTIVO','JUICIO',2019,2019,2019,'Ley 906','Colombia','Risaralda','PEREIRA','DIRECCIÓN SECCIONAL DE RISARALDA','DELITOS SEXUALES','ACTOS SEXUALES CON MENOR DE CATORCE AÑOS. ART. 209 C.P.','SI','NO','NO','SI','SI','MASCULINO','SIN DATO','Colombia','NO',3
'SI','NO','NO','ACTIVO','JUICIO',2015,2015,2015,'Ley 906','Colombia','Risaralda','PEREIRA','DIRECCIÓN SECCIONAL DE RISARALDA','LESIONES PERSONALES CULPOSAS','LESIONES CULPOSAS ART. 120 C.P. INCISO 1','NO','NO','NO','NO','NO','MASCULINO','SIN DATO','Colombia','NO',1
'NO','NO','NO','INACTIVO','INDAGACIÓN',2012,2012,2011,'Ley 906','Colombia','Risaralda','PEREIRA','DIRECCIÓN SECCIONAL DE MEDELLÍN','DELITOS INFORMATICOS','HURTO POR MEDIOS INFORMATICOS Y SEMEJANTES ART. 269I LEY 1273 DE 2009','NO','NO','SI','NO','NO','','SIN DATO','Colombia','NO',1
'SI','NO','NO','INACTIVO','QUERELLABLE',2015,2015,2015,'Ley 906','Colombia','Risaralda','PEREIRA','DIRECCIÓN SECCIONAL DE RISARALDA','HURTO','HURTO ART. 239 C.P. MENOR CUANTIA','NO','NO','NO','NO','NO','FEMENINO','ADULTEZ 29 - 59','Colombia','NO',26
'NO','NO','NO','INACTIVO','INDAGACIÓN',2010,2010,2010,'Ley 906','Colombia','Risaralda','PEREIRA','DIRECCIÓN SECCIONAL DE RISARALDA','CORRUPCION TRIBUTARIA','OMISION DEL AGENTE RETENEDOR O RECAUDADOR ART. 402 C.P.','NO','NO','SI','NO','NO','FEMENINO','SIN DATO','Colombia','NO',2
'SI','NO','NO','INACTIVO','INDAGACIÓN',2018,2018,2018,'Ley 906','Colombia','Risaralda','PEREIRA','DIRECCIÓN SECCIONAL DE RISARALDA','HURTO','HURTO CALIFICADO ART. 240 C.P. MENOR CUANTIA','NO','NO','NO','NO','NO','MASCULINO','SIN DATO','Colombia','NO',6
'SI','NO','NO','ACTIVO','JUICIO',2019,2019,2019,'Ley 906','Colombia','Risaralda','PEREIRA','DIRECCIÓN SECCIONAL DE RISARALDA','REGIMEN CONSTITUCIONAL Y LEGAL','REBELION ART. 467 C.P.','SI','NO','NO','SI','SI','MASCULINO','ADULTEZ 29 - 59','Colombia','NO',1
'NO','SI','NO','INACTIVO','EJECUCIÓN DE PENAS',2013,2013,2013,'Ley 906','Colombia','Risaralda','PEREIRA','DIRECCIÓN SECCIONAL DE RISARALDA','ESTUPEFACIENTES','TRAFICO FABRICACION O PORTE DE ESTUPEFACIENTES ART. 376 C..','SI','SI','NO','NO','SI','MASCULINO','SIN DATO','Colombia','NO',5
'SI','NO','NO','INACTIVO','INDAGACIÓN',2011,2011,2011,'Ley 1098','Colombia','Risaralda','PEREIRA','DIRECCIÓN SECCIONAL DE RISARALDA','LESIONES PERSONALES','DE LAS LESIONES PERSONALES','NO','NO','NO','NO','NO','FEMENINO','ADOLESCENTE 14 - 17','Colombia','NO',6
'SI','NO','NO','INACTIVO','INDAGACIÓN',2014,2014,2014,'Ley 906','Colombia','Risaralda','PEREIRA','DIRECCIÓN SECCIONAL DE RISARALDA','LESIONES PERSONALES CULPOSAS','LESIONES CULPOSAS ART. 120 C.P. INCISO 1','NO','NO','NO','NO','NO','MASCULINO','SIN DATO','Colombia','NO',21
'SI','NO','NO','INACTIVO','INDAGACIÓN',2016,2016,2016,'Ley 1098','Colombia','Risaralda','PEREIRA','DIRECCIÓN SECCIONAL DE RISARALDA','LESIONES PERSONALES CULPOSAS','LESIONES CULPOSAS ART. 120 C.P. INCISO 1','NO','NO','NO','NO','NO','MASCULINO','ADOLESCENTE 14 - 17','Colombia','NO',2
'SI','NO','NO','INACTIVO','QUERELLABLE',2012,2012,2012,'Ley 906','Colombia','Risaralda','PEREIRA','DIRECCIÓN SECCIONAL DE RISARALDA','INJURIA Y CALUMNIA','INJURIA. ART. 220 C.P.','NO','NO','NO','NO','NO','MASCULINO','ADULTEZ 29 - 59','Colombia','NO',9
'SI','NO','NO','INACTIVO','INDAGACIÓN',2018,2018,2018,'Ley 906','Colombia','Risaralda','PEREIRA','DIRECCIÓN SECCIONAL DE RISARALDA','FE PUBLICA','FALSEDAD PERSONAL. ART. 296 C.P.','NO','NO','NO','NO','NO','FEMENINO','ADULTEZ 29 - 59','Colombia','NO',1
'SI','NO','NO','ACTIVO','INDAGACIÓN',2016,2016,2016,'Ley 906','Colombia','Risaralda','PEREIRA','DIRECCIÓN SECCIONAL DE RISARALDA','DELITOS SEXUALES','ACTOS SEXUALES CON MENOR DE CATORCE AÑOS. ART. 209 C.P.','NO','NO','NO','NO','NO','MASCULINO','JUVENTUD 18 - 28','Colombia','NO',5
'SI','NO','NO','ACTIVO','INDAGACIÓN',2016,2016,2016,'Ley 906','Colombia','Risaralda','PEREIRA','DIRECCIÓN SECCIONAL DE RISARALDA','HURTO','HURTO. ART. 239 C.P.','NO','NO','NO','NO','NO','MASCULINO','SIN DATO','Colombia','NO',5
'SI','NO','NO','ACTIVO','INVESTIGACIÓN',2016,2016,2016,'Ley 906','Colombia','Risaralda','PEREIRA','DIRECCION ESPECIALIZADA CONTRA EL NARCOTRAFICO','CONCIERTO PARA DELINQUIR','CONCIERTO PARA DELINQUIR AGRAVADO POR DARSE PARA NARCOTRAFICO ART. 340 C.P. INC.2','SI','NO','NO','SI','SI','MASCULINO','SIN DATO','Colombia','NO',16
'SI','NO','NO','ACTIVO','INDAGACIÓN',2017,2017,2017,'Ley 906','Colombia','Risaralda','PEREIRA','DIRECCIÓN SECCIONAL DE RISARALDA','PATRIMONIO ECONOMICO','ABUSO DE CONFIANZA. ART. 249 C.P.','NO','NO','NO','NO','NO','MASCULINO','SIN DATO','Colombia','NO',11
'NO','SI','NO','ACTIVO','INDAGACIÓN',2014,2020,2014,'Ley 906','Colombia','Risaralda','PEREIRA','DIRECCIÓN SECCIONAL DE RISARALDA','CORRUPCION PRIVADA','ABUSO DE CONFIANZA CALIFICADO. ART. 250 C.P.  MENOR CUANTIA','NO','NO','NO','NO','NO','MASCULINO','SIN DATO','Colombia','NO',1
'NO','SI','NO','ACTIVO','JUICIO',2015,2016,2015,'Ley 906','Colombia','Risaralda','PEREIRA','DIRECCIÓN SECCIONAL DE RISARALDA','CONCIERTO PARA DELINQUIR','CONCIERTO PARA DELINQUIR ART. 340 C.P.','SI','NO','NO','SI','SI','MASCULINO','ADULTEZ 29 - 59','Colombia','NO',3
'NO','NO','NO','INACTIVO','QUERELLABLE',2019,2019,2019,'Ley 906','Colombia','Risaralda','PEREIRA','DIRECCIÓN SECCIONAL DE CALI','ESTAFA','ESTAFA. ART. 246 C.P. MENOR CUANTIA','NO','NO','SI','NO','NO','MASCULINO','SIN DATO','Colombia','NO',1
'NO','NO','NO','INACTIVO','INDAGACIÓN',2010,2010,2010,'Ley 906','Colombia','Risaralda','PEREIRA','DIRECCIÓN SECCIONAL DE RISARALDA','ORDEN ECONOMICO SOCIAL','LAVADO DE ACTIVOS ART. 323 C.P.CUANTIA INFERIOR A 100 SMLM','NO','NO','SI','NO','NO','FEMENINO','SIN DATO','Colombia','NO',2
'NO','NO','NO','INACTIVO','INDAGACIÓN',2013,2013,2013,'Ley 906','Colombia','Risaralda','PEREIRA','DIRECCIÓN SECCIONAL DE RISARALDA','REGIMEN CONSTITUCIONAL Y LEGAL','REBELION ART. 467 C.P.','NO','NO','SI','NO','NO','MASCULINO','JUVENTUD 18 - 28','Colombia','NO',1
'SI','NO','NO','ACTIVO','INDAGACIÓN',2020,2020,2020,'Ley 906','Colombia','Risaralda','PEREIRA','DIRECCIÓN SECCIONAL DE RISARALDA','DELITOS INFORMATICOS','ACCESO ABUSIVO A UN SISTEMA INFORMATICO ART 269A LEY 1273 DE 2009','NO','NO','NO','NO','NO','MASCULINO','SIN DATO','Colombia','NO',1
'SI','NO','NO','INACTIVO','INDAGACIÓN',2017,2017,2016,'Ley 906','Colombia','Risaralda','PEREIRA','DIRECCIÓN SECCIONAL DE RISARALDA','PATRIMONIO ECONOMICO','ABUSO DE CONFIANZA. ART. 249 C.P.','NO','NO','NO','NO','NO','FEMENINO','SIN DATO','Colombia','NO',1
'NO','NO','NO','INACTIVO','INDAGACIÓN',2013,2013,2013,'Ley 906','Colombia','Risaralda','PEREIRA','DIRECCIÓN SECCIONAL DE RISARALDA','ESTUPEFACIENTES','TRAFICO FABRICACION O PORTE DE ESTUPEFACIENTES ART. 376 C..','NO','NO','SI','NO','NO','FEMENINO','ADULTEZ 29 - 59','Colombia','NO',2
'SI','NO','NO','ACTIVO','INDAGACIÓN',2016,2016,2016,'Ley 906','Colombia','Risaralda','PEREIRA','DIRECCIÓN SECCIONAL DE RISARALDA','HURTO','HURTO CALIFICADO. ART. 240 C.P.','NO','NO','NO','NO','NO','MASCULINO','SIN DATO','Colombia','NO',9
'SI','NO','NO','INACTIVO','QUERELLABLE',2018,2018,2018,'Ley 906','Colombia','Risaralda','PEREIRA','DIRECCIÓN SECCIONAL DE RISARALDA','LESIONES PERSONALES CULPOSAS','LESIONES CULPOSAS ART. 120 C.P. AGRAVADO POR FUGA ART. 110 N.2 C.P.','NO','NO','NO','NO','NO','FEMENINO','SIN DATO','Colombia','NO',2
'NO','NO','NO','INACTIVO','INDAGACIÓN',2020,2020,2020,'Ley 1098','Colombia','Risaralda','PEREIRA','DIRECCIÓN SECCIONAL DE RISARALDA','ESTUPEFACIENTES','TRAFICO FABRICACION O PORTE DE ESTUPEFACIENTES ART. 376 C..','NO','NO','SI','NO','NO','MASCULINO','ADOLESCENTE 14 - 17','Colombia','NO',2
'SI','NO','NO','INACTIVO','INDAGACIÓN',2011,2011,2011,'Ley 906','Colombia','Risaralda','PEREIRA','DIRECCIÓN SECCIONAL DE RISARALDA','VIDA E INTEGRIDAD PERSONAL','ABANDONO ART 128 C.P. SEGUIDO DE LESIONES PERSONALES ART 130','NO','NO','NO','NO','NO','MASCULINO','ADULTEZ 29 - 59','Colombia','NO',1
'SI','NO','NO','INACTIVO','INDAGACIÓN',2013,2013,2013,'Ley 1098','Colombia','Risaralda','PEREIRA','DIRECCIÓN SECCIONAL DE RISARALDA','VIOLENCIA INTRAFAMILIAR','VIOLENCIA INTRAFAMILIAR ART. 229 C.P.','NO','NO','NO','NO','NO','','SIN DATO','Colombia','NO',14
'NO','NO','NO','INACTIVO','INDAGACIÓN',2014,2014,2012,'Ley 906','Colombia','Risaralda','PEREIRA','DIRECCIÓN SECCIONAL DE RISARALDA','CORRUPCION JUDICIAL','PREVARICATO POR ACCION ART. 413 C.P.','NO','NO','SI','NO','NO','','SIN DATO','Colombia','NO',1
'SI','NO','NO','INACTIVO','JUICIO',2014,2014,2014,'Ley 906','Colombia','Risaralda','PEREIRA','DIRECCIÓN SECCIONAL DE RISARALDA','ESTAFA','ESTAFA. ART. 246 C.P. MENOR CUANTIA','SI','NO','NO','SI','NO','MASCULINO','ADULTEZ 29 - 59','Colombia','NO',1